game_id,home_team_code,away_team_code,home_points,home_expected_points,home_goals,home_xg,home_ppda,home_deep_completions,away_points,away_expected_points,away_xg,away_ppda,away_deep_completions
31180,ARS,COV,3,2.3738,3,1.85424,9.647058823529411,18,0,0.4106,0.558336,27.25,2
31185,BRE,TOT,3,2.9014,3,4.04155,8.161290322580646,13,0,0.064,0.756284,7.884615384615385,7
31182,EVE,CRY,3,0.7830999999999999,2,1.45085,22.466666666666665,10,0,1.9875999999999998,2.23095,7.107142857142857,6
31181,HUL,MUN,3,1.1638,2,1.49627,20.571428571428573,1,0,1.5478,1.77874,10.357142857142858,11
31183,IPS,SUN,3,1.7238,2,1.58452,12.10344827586207,4,0,0.99,1.17743,6.653846153846154,6
31184,NOT,LED,0,1.5032,0,0.656681,9.421052631578947,6,3,1.0787,0.466247,6.28125,2
31186,BRI,AVL,3,2.9799,4,4.00327,3.735294117647059,13,0,0.010799999999999999,0.275249,32.27272727272727,0
31187,MCI,BOU,3,2.575,2,2.47444,7.6,14,0,0.28750000000000003,0.707541,17.894736842105264,1
31188,NEW,LIV,1,0.4379,2,1.59465,8.772727272727273,3,1,2.4082999999999997,3.13133,5.689655172413793,4
31189,FLH,CHE,0,0.6187,2,1.41707,8.125,5,3,2.1868000000000003,2.58384,19.0,10
31190,CRY,MCI,0,0.3888,1,0.926624,22.38095238095238,3,3,2.4576000000000002,2.56662,7.346153846153846,11
31193,BOU,EVE,1,1.7945999999999998,1,2.25803,6.7272727272727275,10,1,0.9696,1.66352,10.291666666666666,4
31192,COV,HUL,0,2.0532,0,1.18233,8.733333333333333,4,3,0.6444000000000001,0.459726,16.65,3
31191,LIV,NOT,1,0.36850000000000005,2,1.27921,3.9705882352941178,4,1,2.4799,2.87937,20.9375,6
31194,TOT,NEW,0,1.4016,0,1.12037,9.909090909090908,7,3,1.2813,1.00952,19.285714285714285,8
31196,CHE,BRI,3,2.5465,4,3.8289,27.333333333333332,13,0,0.3367,1.79173,4.333333333333333,5
31197,LED,BRE,1,0.9771,1,1.14993,12.5625,1,1,1.7052,1.61344,6.9,5
31198,MUN,IPS,3,2.8193,5,4.86612,10.272727272727273,11,0,0.1226,1.80548,13.681818181818182,3
31195,SUN,FLH,3,1.8239999999999998,1,1.56229,15.55,5,0,0.9077999999999999,1.02405,7.964285714285714,6
31199,AVL,ARS,0,0.207,0,0.281925,18.75,5,3,2.6457,1.52441,9.941176470588236,8
31200,IPS,LIV,0,1.1409,0,0.597972,14.95,5,3,1.4679,0.744139,12.904761904761905,6
31205,BRE,SUN,1,0.9575,1,1.58584,8.173913043478262,5,1,1.8044,2.15489,7.625,13
31206,BRI,LED,1,1.338,1,2.22026,4.346153846153846,6,1,1.3884,2.23407,12.818181818181818,8
31204,FLH,CRY,0,1.7090999999999998,2,2.88274,13.8125,24,3,1.0788,2.35981,26.5,4
31207,HUL,AVL,1,0.7068000000000001,0,0.812385,21.625,3,1,2.0337,1.63526,10.454545454545455,7
31202,MCI,COV,3,1.8813,1,2.19038,6.0,6,0,0.8841,1.49306,16.233333333333334,2
31201,NEW,BOU,1,0.6634,2,0.771636,6.826086956521739,8,1,2.0734,1.63891,10.0,3
31203,NOT,TOT,1,0.8054,0,0.831692,7.583333333333333,6,1,1.9277000000000002,1.48446,9.052631578947368,3
31209,ARS,CHE,3,2.7935,2,2.80555,8.904761904761905,17,0,0.1328,0.430508,9.833333333333334,5
31208,EVE,MUN,1,1.4874,2,1.05629,13.26086956521739,7,1,1.1888999999999998,0.872225,15.857142857142858,7
31211,AVL,NOT,0,0.3503,1,1.08786,12.1875,8,3,2.5004,2.79451,10.666666666666666,9
31210,BOU,BRE,1,2.5593,2,2.54949,5.793103448275862,12,1,0.30720000000000003,0.794238,8.814814814814815,8
31212,CHE,HUL,1,0.9265000000000001,2,1.21374,10.76923076923077,12,1,1.8139,1.80363,14.35,2
31213,CRY,IPS,0,0.5752999999999999,2,0.937888,14.5,9,3,2.2241,2.03423,7.571428571428571,11
31214,LIV,FLH,1,2.0509,0,1.79832,7.888888888888889,5,1,0.7159,0.922453,17.4,9
31216,SUN,ARS,0,1.4296000000000002,0,2.07033,10.380952380952381,5,3,1.2985,1.98905,11.307692307692308,5
31215,TOT,EVE,1,0.6973,0,0.736856,6.7272727272727275,7,1,2.053,1.60056,20.866666666666667,8
31217,COV,BRI,0,0.3605,0,1.04812,43.125,8,3,2.4968,2.76518,6.666666666666667,2
31218,MUN,MCI,0,1.1243999999999998,0,0.943406,6.45945945945946,12,3,1.5482999999999998,1.14073,12.222222222222221,2
31219,LED,NEW,3,2.4935,4,2.2902,9.12,9,0,0.3383,0.793165,10.192307692307692,5
31220,BRE,CHE,3,2.5592,3,2.47935,17.428571428571427,5,0,0.305,0.885111,6.925925925925926,9
31224,BRI,ARS,3,2.0647,3,2.11268,8.083333333333334,6,0,0.6937,1.23979,12.642857142857142,10
31226,EVE,IPS,3,2.3335,1,2.58285,13.80952380952381,7,0,0.5005000000000001,1.10179,13.523809523809524,5
31223,NEW,HUL,3,1.5716,2,1.37521,10.944444444444445,4,0,1.1339,1.15888,13.25,7
31227,NOT,COV,0,1.8761999999999999,0,1.31852,11.866666666666667,9,3,0.8391,0.69375,13.941176470588236,2
31221,TOT,AVL,0,1.361,2,1.72177,5.783783783783784,12,3,1.3684999999999998,1.7092,15.333333333333334,4
31228,BOU,LIV,0,1.0417,0,0.944706,11.285714285714286,8,3,1.6326999999999998,1.29116,9.666666666666666,8
31229,FLH,MUN,1,1.1038999999999999,1,1.71719,15.61111111111111,5,1,1.6679,2.12453,20.071428571428573,15
31225,LED,CRY,1,1.3169999999999997,0,1.08552,9.818181818181818,0,1,1.3737,1.12905,12.952380952380953,4
31222,MCI,SUN,3,1.131,5,2.66856,9.954545454545455,12,0,1.6421999999999999,3.10661,10.208333333333334,9
