player_id,player,pos,starts,minutes,yellow_cards,red_cards,og,pen_missed,goals,xG,assists,xA,xGI,clean_sheets,goals_conceded,xGC,CBI,recoveries,tackles,defensive_contribution,influence_rank,creativity,creativity_rank,threat,threat_rank,ict_index_rank
1,Raya,GK,5,450,0,0,0,0,0,0.00,0,0.01,0.01,3,4,0.81,6,58,1,0,70,0.2,5,0.0,73,13
2,Arrizabalaga,GK,0,0,0,0,0,0,0,0.00,0,0.00,0.00,0,0,0.0,0,0,0,0,559,0.0,56,0.0,54,68
3,Meslier,GK,0,0,0,0,0,0,0,0.00,0,0.00,0.00,0,0,0.0,0,0,0,0,568,0.0,58,0.0,56,69
4,Gabriel,DF,5,450,2,0,0,0,0,0.51,0,0.20,0.71,3,4,0.81,35,17,6,41,86,22.0,72,84.0,3,28
5,J.Timber,DF,1,104,0,0,0,0,0,0.00,0,0.03,0.03,0,3,1.89,2,7,3,5,323,4.2,111,0.0,217,127
6,Saliba,DF,0,0,0,0,0,0,0,0.00,0,0.00,0.00,0,0,0.0,0,0,0,0,654,0.0,217,0.0,216,217
7,Lewis-Skelly,MF,4,271,0,0,0,0,0,0.16,0,0.23,0.39,2,1,0.34,5,8,1,14,279,40.2,100,16.0,116,112
8,Calafiori,DF,5,416,0,0,0,0,0,0.67,2,0.62,1.29,3,4,0.81,12,13,6,18,129,52.7,29,66.0,8,30
9,Hincapie,DF,0,32,0,0,0,0,0,0.00,0,0.00,0.00,0,0,0.79,2,0,1,3,353,1.0,130,2.0,124,133
10,White,DF,4,315,0,0,0,0,0,0.18,1,0.29,0.47,2,1,0.33,12,9,6,18,135,53.0,27,29.0,46,48
11,Mosquera,DF,2,168,0,0,0,0,0,0.00,0,0.01,0.01,2,0,0.28,10,3,0,10,270,2.0,120,0.0,212,119
12,Saka,MF,5,416,0,0,0,0,3,3.22,0,0.98,4.20,3,4,0.77,8,17,6,31,13,125.6,24,240.0,1,2
13,Rice,MF,5,411,1,0,0,0,0,0.12,2,0.69,0.81,3,4,0.77,18,17,7,42,43,108.4,32,5.0,155,40
14,Eze,MF,0,85,0,0,0,0,0,0.04,0,0.09,0.13,0,0,1.41,0,5,0,5,381,5.9,149,9.0,137,172
15,Ødegaard,MF,5,377,0,0,0,0,2,1.08,0,1.32,2.40,3,4,0.77,5,12,6,23,40,166.9,9,73.0,35,13
16,Madueke,MF,0,23,0,0,0,0,0,0.00,0,0.05,0.05,0,0,0.59,0,2,1,3,315,43.9,91,0.0,294,125
17,Merino,MF,0,81,1,0,0,0,0,0.14,0,0.15,0.29,0,0,1.07,1,9,0,10,325,4.2,160,16.0,117,149
18,Martinelli,MF,0,0,0,0,0,0,0,0.00,0,0.00,0.00,0,0,0.0,0,0,0,0,661,0.0,295,0.0,295,295
19,Zubimendi,MF,0,89,0,0,0,0,0,0.21,0,0.04,0.25,0,0,1.4,5,3,4,12,303,5.0,154,29.0,82,133
20,Dowman,MF,0,9,0,0,0,0,0,0.00,0,0.08,0.08,0,0,3.1,0,0,0,0,386,14.8,129,0.0,265,170
22,Nwaneri,MF,0,0,0,0,0,0,0,0.00,0,0.00,0.00,0,0,0.0,0,0,0,0,633,0.0,278,0.0,271,277
23,Fábio Vieira,MF,0,0,0,0,0,0,0,0.00,0,0.00,0.00,0,0,0.0,0,0,0,0,642,0.0,283,0.0,276,282
24,Nelson,MF,0,0,0,0,0,0,0,0.00,0,0.00,0.00,0,0,0.0,0,0,0,0,639,0.0,280,0.0,273,279
25,Gyökeres,FW,0,29,0,0,0,0,0,0.00,0,0.23,0.23,0,0,2.02,0,1,0,1,664,14.7,28,0.0,77,41
26,Havertz,FW,5,437,1,0,0,0,2,1.67,0,0.37,2.04,3,4,0.81,6,7,0,13,99,71.3,4,165.0,4,5
27,G.Jesus,FW,0,0,0,0,0,0,0,0.00,0,0.00,0.00,0,0,0.0,0,0,0,0,651,0.0,77,0.0,74,77
31,Konsa,DF,3,281,0,0,0,0,0,0.23,0,0.02,0.25,1,4,1.12,18,9,5,23,204,14.0,90,14.0,73,93
452,Bruno G.,MF,1,123,0,0,0,0,1,0.09,0,0.16,0.25,0,3,1.6,3,8,1,12,213,6.5,145,19.0,111,116
557,Tzolis,MF,5,362,2,0,0,0,0,0.19,2,0.55,0.74,2,4,0.68,7,12,4,23,171,115.1,28,46.0,59,45
29,M.Bizot,GK,1,90,0,0,0,0,0,0.00,0,0.00,0.00,0,4,3.77,2,6,0,0,259,0.0,38,0.0,33,22
30,Digne,DF,0,0,0,0,0,0,0,0.00,0,0.00,0.00,0,0,0.0,0,0,0,0,486,0.0,185,0.0,174,186
32,Cash,DF,3,296,2,0,0,0,0,0.15,0,0.04,0.19,1,7,1.81,11,2,6,17,232,22.3,70,13.0,76,94
33,Mings,DF,2,261,1,0,0,0,0,0.20,0,0.02,0.22,1,4,1.53,20,7,4,24,166,5.6,107,17.0,63,85
34,Pau,DF,3,187,0,0,0,0,0,0.00,0,0.01,0.01,0,5,2.31,8,9,1,9,318,1.9,121,2.0,118,125
35,Bogarde,MF,0,16,0,0,0,0,0,0.00,0,0.00,0.00,0,0,1.24,1,0,0,1,385,0.5,185,0.0,223,183
36,Maatsen,DF,4,335,1,0,0,0,0,0.28,0,0.45,0.73,1,7,1.76,17,10,7,24,236,24.5,65,43.0,24,74
37,Lindelöf,DF,5,450,0,0,1,0,0,0.44,0,0.17,0.61,1,9,1.84,21,7,1,22,123,37.3,44,37.0,37,49
38,A.García,DF,0,0,0,0,0,0,0,0.00,0,0.00,0.00,0,0,0.0,0,0,0,0,459,0.0,174,0.0,160,175
39,Nedeljkovic,DF,0,0,0,0,0,0,0,0.00,0,0.00,0.00,0,0,0.0,0,0,0,0,457,0.0,173,0.0,159,174
41,Buendía,MF,5,401,0,0,0,0,1,0.92,0,0.24,1.16,1,8,1.76,5,20,9,34,143,80.5,52,59.0,45,48
44,Bailey,MF,0,0,0,0,0,0,0,0.00,0,0.00,0.00,0,0,0.0,0,0,0,0,630,0.0,276,0.0,269,275
45,McGinn,MF,5,434,2,0,0,0,0,0.77,2,0.24,1.01,2,7,1.72,8,17,5,30,184,84.9,46,15.0,119,74
46,Barkley,MF,4,308,0,0,0,0,0,0.38,0,0.14,0.52,1,8,2.15,5,16,7,28,211,82.3,47,31.0,78,68
47,Kamara,MF,5,443,0,0,0,0,0,0.12,1,0.16,0.28,2,7,1.71,11,16,9,36,138,68.8,58,6.0,149,81
48,Onana,MF,0,0,0,0,0,0,0,0.00,0,0.00,0.00,0,0,0.0,0,0,0,0,571,0.0,242,0.0,219,238
49,Iling Jr,MF,0,0,0,0,0,0,0,0.00,0,0.00,0.00,0,0,0.0,0,0,0,0,598,0.0,259,0.0,245,256
50,Burrowes,MF,0,0,0,0,0,0,0,0.00,0,0.00,0.00,0,0,0.0,0,0,0,0,542,0.0,224,0.0,197,219
51,George Hemmings,MF,4,297,0,0,0,0,0,0.07,0,0.16,0.23,1,7,1.9,3,10,6,19,265,42.1,94,25.0,89,102
52,Alysson,MF,0,87,1,0,0,0,1,0.06,0,0.00,0.06,0,2,2.48,2,4,2,8,218,4.9,156,25.0,91,111
53,Manzambi,MF,1,98,0,0,0,0,1,0.44,1,0.24,0.68,1,1,1.41,2,5,2,9,145,29.8,107,60.0,44,70
54,Gomes,MF,2,129,0,1,0,0,0,0.00,0,0.03,0.03,0,6,2.89,6,5,9,20,273,24.8,113,0.0,277,134
55,Watkins,FW,0,0,0,0,0,0,0,0.00,0,0.00,0.00,0,0,0.0,0,0,0,0,667,0.0,79,0.0,79,79
56,Abraham,FW,0,71,0,0,0,0,0,0.00,0,0.00,0.00,0,3,3.41,0,1,1,2,377,6.2,38,2.0,43,42
160,Garnacho,MF,0,31,0,0,0,0,0,0.00,0,0.00,0.00,0,0,1.42,0,2,0,2,396,3.6,162,0.0,286,182
166,N.Jackson,FW,4,286,2,0,0,0,1,0.68,0,0.60,1.28,1,2,0.87,1,8,0,9,210,36.8,18,76.0,17,18
582,Madjo,FW,0,0,0,0,0,0,0,0.00,0,0.00,0.00,0,0,0.0,0,0,0,0,636,0.0,75,0.0,72,75
596,Ruggeri,DF,1,113,0,0,0,0,0,0.03,0,0.02,0.05,0,2,1.63,14,11,2,16,262,14.1,89,1.0,126,113
597,Suzuki,GK,4,360,0,0,0,0,0,0.00,0,0.01,0.01,1,5,1.36,8,43,0,0,50,0.0,68,0.0,67,10
606,Rowe,DF,0,0,0,0,0,0,0,0.00,0,0.00,0.00,0,0,0.0,0,0,0,0,452,0.0,168,0.0,154,169
607,Lynch,MF,0,0,0,0,0,0,0,0.00,0,0.00,0.00,0,0,0.0,0,0,0,0,525,0.0,215,0.0,187,210
611,Wan-Bissaka,DF,2,152,0,0,0,0,0,0.00,0,0.07,0.07,0,2,1.94,12,1,9,21,209,16.4,80,0.0,175,103
618,Goretzka,MF,0,0,0,0,0,0,0,0.00,0,0.00,0.00,0,0,0.0,0,0,0,0,650,0.0,290,0.0,288,290
630,Harwood-Bellis,DF,0,0,0,0,0,0,0,0.00,0,0.00,0.00,0,0,0.0,0,0,0,0,500,0.0,191,0.0,181,192
631,Mbaye,MF,0,33,0,0,0,0,0,0.02,0,0.13,0.15,0,3,4.47,0,1,1,2,332,15.2,128,19.0,108,136
667,Wright,GK,0,0,0,0,0,0,0,0.00,0,0.00,0.00,0,0,0.0,0,0,0,0,438,0.0,26,0.0,21,45
57,Petrović,GK,5,450,0,0,0,0,0,0.00,0,0.00,0.00,0,8,1.39,6,43,0,0,92,0.0,51,0.0,46,18
58,Forster,GK,0,0,0,0,0,0,0,0.00,0,0.00,0.00,0,0,0.0,0,0,0,0,411,0.0,7,0.0,2,26
59,Dennis,GK,0,0,0,0,0,0,0,0.00,0,0.00,0.00,0,0,0.0,0,0,0,0,433,0.0,23,0.0,18,42
60,Hill,DF,5,450,1,0,0,0,0,0.00,0,0.79,0.79,0,8,1.39,41,11,9,50,44,69.3,14,6.0,104,29
61,Truffert,DF,5,450,1,0,0,0,0,0.11,0,0.29,0.40,0,8,1.39,28,24,17,45,69,70.5,13,39.0,35,19
62,Diakité,DF,0,0,0,0,0,0,0,0.00,0,0.00,0.00,0,0,0.0,0,0,0,0,567,0.0,205,0.0,202,206
63,Milosavljević,DF,0,0,0,0,0,0,0,0.00,0,0.00,0.00,0,0,0.0,0,0,0,0,583,0.0,207,0.0,204,208
64,Smith,DF,5,434,3,0,0,0,0,0.01,0,0.09,0.10,0,8,1.39,16,15,5,21,205,44.4,38,4.0,109,80
65,J.Araujo,DF,0,0,0,0,0,0,0,0.00,0,0.00,0.00,0,0,0.0,0,0,0,0,471,0.0,182,0.0,171,183
66,Soler,DF,0,0,0,0,0,0,0,0.00,0,0.00,0.00,0,0,0.0,0,0,0,0,453,0.0,169,0.0,155,170
67,Rayan,MF,5,434,0,0,0,0,0,0.87,0,0.43,1.30,0,7,1.32,6,4,5,15,254,50.4,79,99.0,21,58
68,Tavernier,MF,5,424,2,0,0,0,3,1.70,0,0.92,2.62,0,8,1.39,5,26,11,42,8,146.1,17,147.0,6,5
69,Scott,MF,5,446,1,0,0,0,1,0.64,2,0.42,1.06,1,7,1.38,15,36,9,60,76,146.4,16,56.0,50,23
70,Kluivert,MF,4,294,1,0,0,0,1,0.99,0,0.08,1.07,2,3,1.37,2,16,4,22,159,46.5,86,120.0,12,42
71,Cook,MF,2,180,1,0,0,0,0,0.00,0,0.01,0.01,2,1,2.1,7,6,1,14,312,15.8,126,0.0,240,153
72,Gannon-Doak,MF,0,12,0,0,0,0,0,0.12,0,0.05,0.17,0,1,4.5,0,5,2,7,370,2.9,163,16.0,115,161
73,Adams,MF,3,279,0,0,0,0,0,0.03,0,0.07,0.10,0,7,0.88,12,22,7,41,202,32.2,105,7.0,144,105
74,Brooks,MF,0,45,1,0,0,0,0,0.00,0,0.07,0.07,0,2,1.5,2,3,0,5,328,23.6,116,2.0,162,143
75,Christie,MF,1,102,0,0,0,0,0,0.50,0,0.13,0.63,0,2,1.45,3,10,1,14,327,17.1,125,31.0,79,128
76,Tóth.A,MF,0,17,0,0,0,0,0,0.00,0,0.00,0.00,0,2,2.96,0,1,1,2,379,0.7,182,0.0,234,185
77,Adli,MF,0,0,0,0,0,0,0,0.00,0,0.00,0.00,0,0,0.0,0,0,0,0,574,0.0,245,0.0,222,241
78,Kroupi.Jr,MF,0,0,0,0,0,0,0,0.00,0,0.00,0.00,0,0,0.0,0,0,0,0,666,0.0,298,0.0,298,298
79,Evanilson,FW,5,424,1,0,0,0,0,0.87,3,0.52,1.39,2,5,1.37,11,13,3,27,130,82.6,2,99.0,15,10
80,Enes Ünal,FW,0,0,0,0,0,0,0,0.00,0,0.00,0.00,0,0,0.0,0,0,0,0,637,0.0,76,0.0,73,76
81,Rodríguez,FW,0,10,0,0,0,0,0,0.00,0,0.00,0.00,0,1,1.62,0,1,0,1,658,0.5,46,0.0,76,48
566,Silva,DF,5,450,2,0,0,0,0,0.85,0,0.29,1.14,0,8,1.39,51,14,5,56,37,10.1,101,43.0,26,36
573,Sanchez,DF,0,0,0,0,0,0,0,0.00,0,0.00,0.00,0,0,0.0,0,0,0,0,474,0.0,183,0.0,172,184
608,Jebbison,FW,0,31,0,0,0,0,0,0.10,0,0.00,0.10,0,2,1.77,0,1,0,1,372,1.6,44,21.0,30,36
615,Di Gregorio,GK,0,0,0,0,0,0,0,0.00,0,0.00,0.00,0,0,0.0,0,0,0,0,496,0.0,47,0.0,42,62
82,Kelleher,GK,5,450,0,0,0,0,0,0.00,0,0.01,0.01,2,4,1.26,7,34,0,0,46,0.0,65,0.0,64,9
83,Valdimarsson,GK,0,0,0,0,0,0,0,0.00,0,0.00,0.00,0,0,0.0,0,0,0,0,511,0.0,52,0.0,50,65
84,Collins,DF,3,196,1,0,0,0,0,0.51,0,0.05,0.56,1,1,0.98,15,11,2,17,214,22.4,69,51.0,17,70
85,Van den Berg,DF,0,0,0,0,0,0,0,0.00,0,0.00,0.00,0,0,0.0,0,0,0,0,569,0.0,206,0.0,203,207
86,Lewis-Potter,MF,5,406,0,0,0,0,1,1.21,1,0.79,2.00,2,4,1.26,17,15,6,38,53,109.3,31,73.0,34,25
87,Ajer,DF,5,450,1,0,0,0,0,0.13,0,0.08,0.21,2,4,1.26,46,11,4,50,71,34.0,52,49.0,19,31
88,Kayode,DF,4,294,0,0,0,0,1,0.55,0,0.43,0.98,2,1,0.99,14,14,2,16,151,32.9,54,56.0,14,46
89,Henry,DF,0,2,0,0,0,0,0,0.00,0,0.00,0.00,0,0,0.0,0,0,0,0,469,0.0,181,0.0,169,182
90,Hickey,DF,1,152,0,0,0,0,0,0.03,0,0.06,0.09,0,3,1.82,13,8,4,17,244,7.8,103,6.0,101,111
92,Ji-soo,DF,0,0,0,0,0,0,0,0.00,0,0.00,0.00,0,0,0.0,0,0,0,0,480,0.0,184,0.0,173,185
93,Schuster,DF,2,253,0,0,0,0,0,0.10,1,0.54,0.64,1,3,1.49,35,6,3,38,91,11.5,97,16.0,64,65
94,Schade,MF,5,447,0,0,0,0,3,1.52,2,0.32,1.84,2,4,1.27,6,21,7,34,20,48.0,84,160.0,3,15
95,O.Dango,MF,2,179,0,0,0,0,0,0.09,0,0.39,0.48,1,1,1.41,9,17,2,28,264,59.3,67,23.0,94,96
96,Damsgaard,MF,3,283,0,0,0,0,0,0.17,1,0.73,0.90,2,1,0.97,6,18,7,31,200,118.2,27,42.0,65,47
97,Jensen,MF,1,66,0,0,0,0,0,0.08,1,0.34,0.42,1,0,0.64,0,3,2,5,309,46.2,87,13.0,121,109
98,Janelt,MF,5,450,3,0,0,0,2,0.53,0,0.44,0.97,2,4,1.26,27,20,17,64,7,97.5,35,47.0,55,22
99,Milambo,MF,0,0,0,0,0,0,0,0.00,0,0.00,0.00,0,0,0.0,0,0,0,0,614,0.0,269,0.0,255,266
100,Carvalho,MF,0,3,0,0,0,0,1,0.43,0,0.00,0.43,0,0,3.9,0,0,0,0,242,0.3,190,33.0,76,115
102,Yarmoliuk,MF,2,216,1,0,0,0,0,0.10,1,0.30,0.40,1,4,1.91,7,14,5,26,181,60.5,65,20.0,101,84
103,Dasilva,MF,0,0,0,0,0,0,0,0.00,0,0.00,0.00,0,0,0.0,0,0,0,0,563,0.0,237,0.0,213,233
105,Anthony,MF,3,267,1,0,0,0,1,1.15,0,0.54,1.69,2,3,1.18,6,16,4,26,146,89.3,41,58.0,47,46
106,Thiago,FW,5,442,2,0,0,1,1,3.13,0,0.16,3.29,2,4,1.27,4,12,3,19,198,43.6,15,146.0,6,11
107,Furo,FW,0,0,0,0,0,0,0,0.00,0,0.00,0.00,0,0,0.0,0,0,0,0,530,0.0,57,0.0,52,57
108,Wilson,FW,0,13,0,0,0,0,0,0.07,0,0.04,0.11,0,0,1.04,1,1,0,2,376,10.4,37,12.0,35,37
565,M.Sangaré,MF,4,321,2,0,0,0,0,0.41,2,0.65,1.06,1,3,1.21,12,22,14,48,120,57.8,68,40.0,68,61
620,Diouf,DF,0,39,0,0,0,0,0,0.00,0,0.01,0.01,0,0,1.45,2,1,0,2,356,1.3,129,0.0,193,137
657,Nunes,MF,0,0,0,0,0,0,0,0.00,0,0.00,0.00,0,0,0.0,0,0,0,0,538,0.0,221,0.0,193,216
660,Fredrick,DF,0,0,0,0,0,0,0,0.00,0,0.00,0.00,0,0,0.0,0,0,0,0,460,0.0,175,0.0,161,176
661,Balcombe,GK,0,0,0,0,0,0,0,0.00,0,0.00,0.00,0,0,0.0,0,0,0,0,430,0.0,21,0.0,16,40
109,Verbruggen,GK,5,450,0,0,0,0,0,0.00,0,0.20,0.20,3,5,1.73,3,34,0,0,52,3.0,4,0.0,49,8
111,Steele,GK,0,0,0,0,0,0,0,0.00,0,0.00,0.00,0,0,0.0,0,0,0,0,412,0.0,8,0.0,3,27
113,F.Kadıoğlu,DF,4,332,1,0,0,0,0,0.12,0,0.13,0.25,2,5,2.05,9,8,1,10,250,58.1,23,32.0,41,64
114,Boscagli,DF,5,437,1,0,0,0,0,0.07,0,0.53,0.60,3,5,1.74,25,17,4,29,118,115.7,5,21.0,56,20
115,De Cuyper,DF,5,423,2,0,0,0,1,1.55,3,0.67,2.22,3,5,1.83,8,18,8,16,61,171.8,1,57.0,12,1
116,Dunk,DF,4,360,1,0,0,0,1,0.03,0,0.09,0.12,2,5,1.76,20,13,3,23,48,14.6,85,11.0,85,53
117,Coppola,DF,0,0,0,0,0,0,0,0.00,0,0.00,0.00,0,0,0.0,0,0,0,0,519,0.0,197,0.0,190,198
118,Igor,DF,0,0,0,0,0,0,0,0.00,0,0.00,0.00,0,0,0.0,0,0,0,0,495,0.0,187,0.0,177,188
119,Costinha,DF,0,68,1,0,0,0,0,0.12,0,0.30,0.42,0,0,1.35,6,1,1,7,295,20.0,74,18.0,60,105
120,Svoboda,DF,0,4,0,0,0,0,0,0.00,0,0.00,0.00,0,0,3.15,0,1,1,1,382,0.0,210,0.0,207,144
121,Mitoma,MF,0,0,0,0,0,0,0,0.00,0,0.00,0.00,0,0,0.0,0,0,0,0,653,0.0,291,0.0,289,291
122,Minteh,MF,0,0,0,0,0,0,0,0.00,0,0.00,0.00,0,0,0.0,0,0,0,0,649,0.0,289,0.0,287,289
123,Hinshelwood,MF,1,63,0,0,0,0,2,1.41,0,0.02,1.43,1,0,0.27,0,1,2,3,127,13.4,135,59.0,46,80
124,Groß,MF,5,450,2,0,0,0,3,1.77,4,0.86,2.63,3,5,1.73,9,10,7,26,1,216.0,2,84.0,26,3
125,Georginio,FW,1,104,0,0,0,0,0,0.17,1,0.45,0.62,1,0,0.89,1,6,2,9,285,11.7,35,19.0,31,32
126,O'Riley,MF,0,10,0,0,0,0,0,0.28,0,0.01,0.29,0,0,1.62,2,1,0,3,337,10.5,140,19.0,107,142
127,Gomez,MF,5,433,0,0,0,0,0,0.79,3,0.78,1.57,3,5,1.76,7,16,13,36,108,103.4,33,126.0,10,19
128,Buonanotte,MF,0,0,0,0,0,0,0,0.00,0,0.00,0.00,0,0,0.0,0,0,0,0,613,0.0,268,0.0,254,265
129,Ayari,MF,4,333,1,0,0,0,1,0.70,0,0.18,0.88,3,1,1.52,4,15,2,21,174,48.9,81,68.0,40,62
130,Wieffer,DF,2,156,0,0,0,0,0,0.12,0,0.13,0.25,1,4,1.83,11,9,4,15,230,35.5,50,10.0,87,84
132,Howell,MF,0,0,0,0,0,0,0,0.00,0,0.00,0.00,0,0,0.0,0,0,0,0,533,0.0,219,0.0,191,214
133,Watson,MF,0,0,0,0,0,0,0,0.00,0,0.00,0.00,0,0,0.0,0,0,0,0,615,0.0,270,0.0,256,267
134,Oriola,MF,0,0,0,0,0,0,0,0.00,0,0.00,0.00,0,0,0.0,0,0,0,0,521,0.0,214,0.0,186,209
135,Yohanna,MF,0,12,0,0,0,0,0,0.00,0,0.03,0.03,0,0,0.0,0,0,0,0,403,1.3,174,0.0,208,187
137,Tzimas,FW,0,0,0,0,0,0,0,0.00,0,0.00,0.00,0,0,0.0,0,0,0,0,635,0.0,74,0.0,71,74
138,Kostoulas,FW,4,353,1,0,0,0,2,1.35,3,0.06,1.41,2,5,1.96,5,18,4,27,83,39.1,17,127.0,8,8
139,Ferguson,FW,0,0,0,0,0,0,0,0.00,0,0.00,0.00,0,0,0.0,0,0,0,0,601,0.0,67,0.0,62,67
328,Struijk,DF,1,98,1,0,0,0,0,0.16,0,0.01,0.17,1,0,1.56,9,6,1,10,247,1.5,123,7.0,98,115
504,Vuskovic,DF,5,437,0,0,0,0,1,0.46,0,0.07,0.53,3,5,1.74,37,17,6,43,34,18.0,76,72.0,6,17
594,David,FW,0,23,1,0,0,0,0,0.42,0,0.00,0.42,0,0,0.55,0,0,0,0,656,3.7,41,4.0,40,45
600,Osman,MF,0,40,0,0,0,0,0,0.05,0,0.07,0.12,0,1,0.72,0,3,1,4,344,17.8,123,19.0,106,137
605,Yalcouyé,MF,3,236,0,0,0,0,2,1.46,0,0.45,1.91,1,4,2.51,6,7,6,19,58,70.3,57,111.0,15,26
614,Hadjam,DF,0,0,0,0,0,0,0,0.00,0,0.00,0.00,0,0,0.0,0,0,0,0,512,0.0,194,0.0,187,195
624,Cozier-Duberry,MF,0,0,0,0,0,0,0,0.00,0,0.00,0.00,0,0,0.0,0,0,0,0,611,0.0,266,0.0,252,263
639,Andrés,MF,1,109,0,0,0,0,1,0.52,1,0.12,0.64,1,0,1.4,4,8,1,13,186,17.9,122,39.0,70,95
652,Azeez,MF,0,0,0,0,0,0,0,0.00,0,0.00,0.00,0,0,0.0,0,0,0,0,643,0.0,284,0.0,278,283
658,Ibrahim,MF,0,0,0,0,0,0,0,0.00,0,0.00,0.00,0,0,0.0,0,0,0,0,544,0.0,226,0.0,199,221
28,Martinez,GK,4,360,0,0,0,0,0,0.00,0,0.01,0.01,0,10,1.87,1,37,0,0,24,30.0,1,0.0,61,1
40,Rogers,MF,5,437,1,0,0,0,3,1.72,1,1.23,2.95,0,12,1.8,3,23,5,31,9,140.1,20,140.0,8,8
101,Henderson,MF,1,90,0,0,0,0,0,0.00,0,0.08,0.08,0,3,2.65,2,7,1,10,294,10.4,141,0.0,209,154
136,Welbeck,FW,1,85,0,0,0,0,0,0.00,0,0.14,0.14,0,1,2.11,2,2,1,5,300,32.7,19,14.0,34,30
140,Sánchez,GK,1,90,0,0,0,0,0,0.00,0,0.01,0.01,0,2,1.33,1,5,0,0,282,0.0,57,0.0,55,23
141,Jörgensen,GK,0,0,0,0,0,0,0,0.00,0,0.00,0.00,0,0,0.0,0,0,0,0,610,0.0,70,0.0,69,73
142,James,DF,3,292,1,0,0,0,0,0.33,0,0.26,0.59,0,7,1.51,11,15,2,13,172,42.6,39,49.0,21,51
143,Chalobah,DF,0,0,0,0,0,0,0,0.00,0,0.00,0.00,0,0,0.0,0,0,0,0,638,0.0,216,0.0,214,216
144,Gusto,DF,3,272,0,0,0,0,0,0.08,0,0.12,0.20,0,7,1.16,11,13,4,15,248,37.2,45,13.0,79,86
145,Fofana,DF,4,312,1,0,0,0,0,0.00,0,0.08,0.08,0,7,1.63,40,11,7,47,78,29.2,60,4.0,112,58
146,B.Badiashile,DF,0,0,0,0,0,0,0,0.00,0,0.00,0.00,0,0,0.0,0,0,0,0,498,0.0,189,0.0,179,190
148,Hato,DF,4,258,0,0,0,0,0,0.01,2,0.21,0.22,0,9,1.68,11,9,7,18,119,47.1,36,15.0,70,55
149,Colwill,DF,4,341,1,0,0,0,0,0.01,0,0.05,0.06,0,9,1.76,23,15,3,26,161,16.6,79,13.0,78,79
150,M.Sarr,DF,0,0,0,0,0,0,0,0.00,0,0.00,0.00,0,0,0.0,0,0,0,0,526,0.0,198,0.0,191,199
151,Acheampong,DF,2,221,0,0,0,0,0,0.00,0,0.03,0.03,0,7,1.92,13,7,7,20,207,5.5,108,6.0,102,106
152,Palestra,DF,0,0,0,0,0,0,0,0.00,0,0.00,0.00,0,0,0.0,0,0,0,0,628,0.0,215,0.0,213,215
154,Palmer,MF,5,442,1,0,0,0,2,1.31,2,0.79,2.10,0,12,1.78,3,19,7,29,15,145.3,18,144.0,7,7
156,Neto,MF,4,332,0,0,0,0,1,0.68,0,0.58,1.26,0,8,1.8,8,14,6,28,115,92.6,40,108.0,16,29
157,Estêvão,MF,0,23,0,0,0,0,0,0.07,0,0.07,0.14,0,1,3.95,0,1,1,2,334,1.6,173,38.0,72,131
158,Gittens,MF,0,0,0,0,0,0,0,0.00,0,0.00,0.00,0,0,0.0,0,0,0,0,648,0.0,288,0.0,285,288
159,Caicedo,MF,0,13,0,0,0,0,0,0.00,0,0.00,0.00,0,0,0.48,0,0,0,0,626,0.1,197,0.0,263,272
161,Lavia,MF,4,258,1,0,0,0,1,0.75,0,0.11,0.86,0,8,1.77,10,15,6,31,144,29.1,109,66.0,41,63
163,D.Essugo,MF,0,0,0,0,0,0,0,0.00,0,0.00,0.00,0,0,0.0,0,0,0,0,506,0.0,210,0.0,182,205
164,Quenda,MF,0,27,0,0,0,0,0,0.03,0,0.01,0.04,0,2,4.3,1,0,0,1,390,2.1,165,8.0,139,177
165,João Pedro,FW,4,360,1,0,1,0,3,2.17,3,0.19,2.36,0,9,1.54,3,5,1,9,10,90.0,1,123.0,10,3
168,Marc Guiu,FW,0,0,0,0,0,0,0,0.00,0,0.00,0.00,0,0,0.0,0,0,0,0,608,0.0,68,0.0,63,68
169,Mheuka,FW,0,0,0,0,0,0,0,0.00,0,0.00,0.00,0,0,0.0,0,0,0,0,524,0.0,56,0.0,51,56
170,Emegha,FW,0,0,0,0,0,0,0,0.00,0,0.00,0.00,0,0,0.0,0,0,0,0,575,0.0,63,0.0,58,63
200,Lacroix,DF,4,364,1,0,0,0,0,0.15,1,0.22,0.37,0,10,1.96,37,8,10,47,49,13.9,91,14.0,75,52
560,Penders,GK,0,0,0,0,0,0,0,0.00,0,0.00,0.00,0,0,0.0,0,0,0,0,478,0.0,35,0.0,30,53
561,Anselmino,DF,0,0,0,0,0,0,0,0.00,0,0.00,0.00,0,0,0.0,0,0,0,0,537,0.0,200,0.0,195,201
568,Barco,MF,1,115,1,0,0,0,0,0.07,0,0.11,0.18,0,3,2.21,4,5,3,12,307,7.2,143,11.0,130,148
583,Chavarria,DF,1,208,0,0,0,0,0,0.04,0,0.07,0.11,0,4,1.77,11,7,5,16,252,31.4,56,12.0,80,92
662,Nicoll-Jazuli,MF,0,3,0,0,0,0,0,0.00,0,0.00,0.00,0,1,12.9,0,0,2,2,364,1.7,171,0.0,196,181
91,Pinnock,DF,3,282,1,0,0,0,0,0.12,0,0.00,0.12,1,7,2.1,41,4,3,44,94,1.7,122,10.0,86,72
104,Onyeka,MF,4,314,0,0,0,0,0,0.03,0,0.02,0.05,1,7,1.81,9,14,5,28,286,4.7,158,21.0,97,135
110,Rushworth,GK,5,450,0,0,0,0,0,0.00,1,0.02,0.02,1,10,1.73,4,50,0,0,95,10.0,2,0.0,47,15
171,Dovin,GK,0,0,0,0,0,0,0,0.00,0,0.00,0.00,0,0,0.0,0,0,0,0,439,0.0,27,0.0,22,46
172,Wilson,GK,0,0,0,0,0,0,0,0.00,0,0.00,0.00,0,0,0.0,0,0,0,0,467,0.0,33,0.0,28,51
173,Thomas,DF,5,437,0,0,0,0,0,0.49,0,0.30,0.79,2,9,1.67,49,16,3,52,85,33.7,53,56.0,13,34
174,Kitching,DF,0,0,0,0,0,0,0,0.00,0,0.00,0.00,0,0,0.0,0,0,0,0,432,0.0,155,0.0,140,156
175,van Ewijk,DF,4,360,1,0,0,0,0,0.00,0,0.30,0.30,0,10,1.88,21,13,6,27,160,52.7,28,14.0,72,60
176,Dasilva,DF,5,444,0,0,0,0,1,0.50,0,0.52,1.02,1,10,1.75,19,14,4,23,57,67.7,16,35.0,38,18
177,Kesler-Hayden,DF,0,0,0,0,0,0,0,0.00,0,0.00,0.00,0,0,0.0,0,0,0,0,408,0.0,145,0.0,130,148
178,Bidwell,DF,0,0,0,0,0,0,0,0.00,0,0.00,0.00,0,0,0.0,0,0,0,0,416,0.0,147,0.0,132,150
179,Latibeaudiere,DF,0,1,0,0,0,0,0,0.00,0,0.00,0.00,0,0,1.8,2,0,0,2,347,0.0,151,0.0,136,136
180,Woolfenden,DF,0,0,0,0,0,0,0,0.00,0,0.00,0.00,0,0,0.0,0,0,0,0,427,0.0,153,0.0,138,154
181,Brau,DF,0,0,0,0,0,0,0,0.00,0,0.00,0.00,0,0,0.0,0,0,0,0,454,0.0,170,0.0,156,171
182,Amenda,DF,4,360,1,0,0,0,0,0.02,0,0.39,0.41,0,10,1.88,23,11,1,24,154,14.5,87,15.0,67,78
183,Rudoni,MF,4,297,0,0,0,0,0,0.92,0,1.11,2.03,2,4,1.36,9,21,4,34,192,140.8,19,80.0,29,33
184,Grimes,MF,5,443,0,0,0,0,0,0.12,0,0.13,0.25,1,9,1.71,13,16,9,38,149,48.0,83,6.0,146,90
185,Sakamoto,MF,0,31,0,0,0,0,0,0.02,0,0.02,0.04,0,1,2.0,0,2,2,4,354,5.9,148,7.0,142,165
186,Mason-Clark,MF,4,231,0,0,0,0,0,0.51,0,0.12,0.63,0,3,1.23,6,9,0,15,299,51.6,75,52.0,53,91
187,Eccles,MF,0,0,0,0,0,0,0,0.00,0,0.00,0.00,0,0,0.0,0,0,0,0,556,0.0,234,0.0,207,229
188,Torp,MF,0,53,0,0,0,0,0,0.00,0,0.12,0.12,0,2,2.07,1,2,0,3,345,20.4,119,0.0,262,156
189,Shepherd,MF,0,0,0,0,0,0,0,0.00,0,0.00,0.00,0,0,0.0,0,0,0,0,483,0.0,206,0.0,178,201
190,Tchaouna,MF,2,211,0,0,0,0,0,0.23,0,0.18,0.41,0,3,1.38,6,11,1,18,263,50.5,78,46.0,58,88
191,Borges Rodrigues,MF,0,0,0,0,0,0,0,0.00,0,0.00,0.00,0,0,0.0,0,0,0,0,507,0.0,211,0.0,183,206
192,Andrews,MF,0,0,0,0,0,0,0,0.00,0,0.00,0.00,0,0,0.0,0,0,0,0,540,0.0,223,0.0,195,218
193,Wright,FW,0,0,0,0,0,0,0,0.00,0,0.00,0.00,0,0,0.0,0,0,0,0,622,0.0,72,0.0,68,72
194,Thomas-Asante,FW,2,227,0,0,0,0,0,0.34,0,0.06,0.39,1,6,1.97,12,12,3,27,256,4.5,40,49.0,23,23
195,Simms,FW,1,104,0,0,0,0,0,0.30,0,0.01,0.31,0,3,2.41,1,2,0,3,342,22.6,22,37.0,24,26
196,Markelo,FW,0,0,0,0,0,0,0,0.00,0,0.00,0.00,0,0,0.0,0,0,0,0,616,0.0,69,0.0,64,69
197,Bassette,FW,0,0,0,0,0,0,0,0.00,0,0.00,0.00,0,0,0.0,0,0,0,0,518,0.0,54,0.0,48,53
492,Awoniyi,FW,3,232,0,1,0,0,0,1.30,0,0.04,1.34,0,7,1.38,3,7,1,11,302,46.2,14,78.0,16,19
575,Yirenkyi,MF,3,265,1,0,0,0,0,0.03,0,0.15,0.18,2,5,1.44,7,13,1,21,298,41.6,96,7.0,143,120
584,Hamer,MF,0,32,0,0,0,0,0,0.00,0,0.02,0.02,0,1,2.31,0,2,1,3,401,1.8,170,0.0,268,186
599,Cherif,FW,0,30,0,0,0,0,0,0.00,0,0.00,0.00,0,3,4.29,1,0,0,1,398,0.2,48,0.0,66,47
623,Bentley,GK,0,0,0,0,0,0,0,0.00,0,0.00,0.00,0,0,0.0,0,0,0,0,415,0.0,11,0.0,6,30
655,Gboho,MF,0,0,0,0,0,0,0,0.00,0,0.00,0.00,0,0,0.0,0,0,0,0,641,0.0,282,0.0,275,281
656,Mfuni,DF,1,90,0,0,0,0,0,0.00,0,0.01,0.01,1,0,1.1,7,3,1,8,291,0.7,134,4.0,107,121
42,Guessand,MF,0,54,0,0,0,0,0,0.03,0,0.03,0.06,0,1,0.57,1,0,1,2,357,2.1,166,7.0,145,174
153,Disasi,DF,2,139,0,1,0,0,0,0.00,0,0.04,0.04,0,6,2.41,15,11,5,20,237,13.4,94,2.0,120,109
198,Henderson,GK,3,270,0,0,0,0,0,0.00,0,0.00,0.00,0,8,2.16,6,31,0,0,82,0.0,64,0.0,63,17
199,Benitez,GK,2,180,0,0,0,0,0,0.00,0,0.00,0.00,1,3,1.5,2,11,0,0,228,0.0,41,0.0,36,21
202,Richards,DF,5,450,1,0,0,0,0,0.08,0,0.07,0.15,1,11,1.89,46,16,8,54,30,7.7,104,24.0,50,41
203,Canvot,DF,4,360,0,0,0,0,0,0.05,0,0.13,0.18,1,8,1.94,26,11,8,34,111,25.3,64,7.0,97,68
204,Mitchell,DF,5,419,0,0,0,0,2,0.77,0,0.26,1.03,1,10,1.79,14,23,11,25,32,67.9,15,62.0,9,6
205,Sosa,DF,0,0,0,0,0,0,0,0.00,0,0.00,0.00,0,0,0.0,0,0,0,0,493,0.0,186,0.0,176,187
206,Chadi Riad,DF,1,72,0,0,0,0,0,0.00,0,0.01,0.01,0,2,1.22,6,3,1,7,308,1.3,128,0.0,167,128
207,Mingueza,DF,0,16,0,0,0,0,0,0.00,0,0.00,0.00,0,1,1.86,0,1,2,2,375,0.4,140,0.0,170,141
208,Sarr,MF,0,8,0,0,0,0,0,0.00,0,0.01,0.01,0,0,0.68,0,0,0,0,660,0.5,187,0.0,293,192
210,Wharton,MF,5,436,1,0,0,0,0,0.15,0,0.58,0.73,1,10,1.84,16,15,10,41,125,97.0,36,18.0,113,54
211,Yeremy,MF,4,307,1,0,0,0,0,0.52,2,0.55,1.07,1,6,2.03,5,16,5,26,255,94.1,37,33.0,77,66
212,Hughes,MF,0,29,0,0,0,0,0,0.00,0,0.04,0.04,0,1,3.48,3,3,1,7,338,15.3,127,0.0,169,159
213,Lerma,MF,0,51,1,0,0,0,0,0.26,0,0.00,0.26,0,1,2.21,7,3,2,12,292,0.8,180,11.0,128,147
214,Kamada,MF,5,441,1,0,0,0,0,0.47,3,0.38,0.85,1,10,1.81,4,23,11,38,84,81.2,49,42.0,64,44
215,Devenny,MF,0,0,0,0,0,0,0,0.00,0,0.00,0.00,0,0,0.0,0,0,0,0,602,0.0,261,0.0,247,258
216,Esse,MF,0,0,0,0,0,0,0,0.00,0,0.00,0.00,0,0,0.0,0,0,0,0,617,0.0,271,0.0,258,268
217,M.França,MF,0,0,0,0,0,0,0,0.00,0,0.00,0.00,0,0,0.0,0,0,0,0,578,0.0,248,0.0,226,244
218,Doucouré,MF,0,0,0,0,0,0,0,0.00,0,0.00,0.00,0,0,0.0,0,0,0,0,555,0.0,233,0.0,206,228
219,J.Rak-Sakyi,MF,0,0,0,0,0,0,0,0.00,0,0.00,0.00,0,0,0.0,0,0,0,0,572,0.0,243,0.0,220,239
220,Cardines,DF,0,0,0,0,0,0,0,0.00,0,0.00,0.00,0,0,0.0,0,0,0,0,527,0.0,199,0.0,192,200
221,Drakes-Thomas,MF,0,0,0,0,0,0,0,0.00,0,0.00,0.00,0,0,0.0,0,0,0,0,548,0.0,229,0.0,202,224
222,Strand Larsen,FW,3,298,0,0,0,0,1,0.43,0,0.20,0.63,1,5,1.86,6,5,2,13,156,32.5,20,65.0,19,17
223,Mateta,FW,1,62,0,0,0,0,0,0.70,0,0.02,0.72,0,2,1.42,1,2,2,5,392,12.3,31,11.0,37,38
224,Nketiah,FW,3,175,0,0,0,0,0,1.10,1,0.60,1.70,0,7,2.32,2,6,4,12,240,46.4,13,50.0,22,20
225,Uche,FW,0,0,0,0,0,0,0,0.00,0,0.00,0.00,0,0,0.0,0,0,0,0,620,0.0,71,0.0,67,71
241,McNeil,MF,1,84,0,0,0,0,0,0.05,0,0.02,0.07,0,3,1.26,4,3,0,7,324,5.0,155,2.0,166,171
555,Matthews,GK,0,0,0,0,0,0,0,0.00,0,0.00,0.00,0,0,0.0,0,0,0,0,424,0.0,18,0.0,13,37
577,Tomiyasu,DF,2,189,0,0,0,0,0,0.00,0,0.03,0.03,0,5,1.9,15,7,2,17,234,15.6,82,8.0,92,101
588,Khalaili,DF,4,379,1,0,0,0,1,0.96,0,0.33,1.29,1,8,2.0,23,26,21,44,33,48.8,31,48.0,22,11
595,Gozo,MF,0,28,0,0,0,0,0,0.00,0,0.00,0.00,0,2,2.19,0,0,1,1,391,1.6,172,0.0,230,184
633,Ahanor,DF,1,90,0,0,0,0,0,0.00,0,0.01,0.01,0,3,1.68,9,4,2,11,268,11.9,96,4.0,110,114
643,Chilwell,DF,0,29,0,0,0,0,1,0.27,0,0.01,0.28,0,1,3.48,1,0,0,1,241,4.2,110,21.0,55,102
644,Timber,MF,3,253,0,0,0,0,0,0.24,0,0.06,0.30,1,5,1.98,6,10,11,27,226,29.1,108,34.0,74,98
647,Osorio,MF,0,1,0,0,0,0,0,0.00,0,0.00,0.00,0,0,11.7,0,0,1,1,387,0.3,192,0.0,280,188
21,Nørgaard,MF,0,0,0,0,0,0,0,0.00,0,0.00,0.00,0,0,0.0,0,0,0,0,552,0.0,231,0.0,204,226
209,Johnson,MF,3,238,1,0,0,0,0,1.03,0,0.22,1.25,2,1,1.41,8,11,7,26,275,52.8,71,25.0,92,99
226,Pickford,GK,5,450,0,0,0,0,0,0.00,0,0.02,0.02,3,3,1.39,7,53,0,0,45,0.0,71,0.0,70,7
227,Travers,GK,0,0,0,0,0,0,0,0.00,0,0.00,0.00,0,0,0.0,0,0,0,0,594,0.0,66,0.0,65,72
228,King,GK,0,0,0,0,0,0,0,0.00,0,0.00,0.00,0,0,0.0,0,0,0,0,488,0.0,43,0.0,38,58
229,Tarkowski,DF,5,450,0,0,0,0,1,0.18,1,0.04,0.22,3,3,1.39,40,18,11,51,17,25.6,62,30.0,45,23
230,Branthwaite,DF,5,450,0,0,0,0,0,0.17,0,0.02,0.19,3,3,1.39,49,14,5,54,23,7.2,105,73.0,5,12
231,Keane,DF,0,0,0,0,0,0,0,0.00,0,0.00,0.00,0,0,0.0,0,0,0,0,551,0.0,202,0.0,197,203
232,O'Brien,DF,0,16,0,0,0,0,0,0.00,0,0.00,0.00,0,0,2.36,2,2,0,2,378,0.0,203,0.0,199,142
233,Mykolenko,DF,5,450,1,0,0,0,0,0.04,0,0.16,0.20,3,3,1.39,25,30,14,39,66,35.7,49,13.0,77,44
234,Patterson,DF,0,0,0,0,0,0,0,0.00,0,0.00,0.00,0,0,0.0,0,0,0,0,499,0.0,190,0.0,180,191
235,Aznou,DF,0,0,0,0,0,0,0,0.00,0,0.00,0.00,0,0,0.0,0,0,0,0,442,0.0,159,0.0,144,160
236,Dewsbury-Hall,MF,5,450,1,0,0,0,1,0.99,0,0.83,1.82,3,3,1.35,5,26,11,42,77,160.8,12,125.0,11,11
238,Grealish,MF,1,135,0,0,0,0,0,0.02,0,0.44,0.46,1,1,1.11,2,8,3,13,281,71.7,56,20.0,103,92
239,Garner,MF,4,328,2,0,0,0,0,0.20,0,0.17,0.37,2,2,0.95,9,25,11,45,190,68.3,59,13.0,123,85
242,George,MF,4,309,0,0,0,0,1,0.35,0,0.32,0.67,2,3,1.08,5,12,1,18,150,86.2,44,75.0,33,41
243,Alcaraz,MF,0,5,1,0,0,0,0,0.05,0,0.02,0.07,0,0,0.72,0,2,1,3,361,0.8,181,25.0,90,155
244,Armstrong,MF,5,446,2,0,0,0,0,0.21,1,0.49,0.70,3,3,1.4,13,19,8,40,155,64.5,63,19.0,105,76
245,Dibling,MF,0,24,0,0,0,0,0,0.17,0,0.16,0.33,0,0,1.42,0,0,0,0,346,24.4,114,26.0,87,121
246,Röhl,MF,3,249,1,0,0,0,0,0.00,0,0.20,0.20,1,2,1.63,6,13,5,24,261,32.1,106,2.0,161,119
247,Hackney,MF,1,137,0,0,0,0,0,0.05,1,0.13,0.18,1,1,2.57,4,5,3,12,216,50.0,80,21.0,98,94
248,Beto,FW,0,31,0,0,0,0,0,0.09,0,0.00,0.09,0,0,5.57,1,0,0,1,380,0.3,47,5.0,39,43
249,Barry,FW,5,417,0,0,0,0,2,3.50,0,0.15,3.65,3,3,1.08,5,11,1,17,105,72.0,3,207.0,2,4
649,Maitland-Niles,DF,2,177,0,0,0,0,1,0.06,0,0.25,0.31,2,1,1.02,8,7,5,13,139,38.8,43,8.0,93,69
654,Graham,MF,0,0,0,0,0,0,0,0.00,0,0.00,0.00,0,0,0.0,0,0,0,0,539,0.0,222,0.0,194,217
250,Leno,GK,5,450,0,0,0,0,0,0.00,0,0.00,0.00,1,8,1.82,6,41,0,0,35,0.0,39,0.0,34,6
251,Lecomte,GK,0,0,0,0,0,0,0,0.00,0,0.00,0.00,0,0,0.0,0,0,0,0,417,0.0,12,0.0,7,31
252,McNally,GK,0,0,0,0,0,0,0,0.00,0,0.00,0.00,0,0,0.0,0,0,0,0,444,0.0,29,0.0,24,48
253,Andersen,DF,2,190,1,0,0,0,0,0.00,0,0.10,0.10,0,5,2.06,18,9,2,20,185,35.8,48,8.0,95,76
254,Robinson,DF,5,429,0,0,0,0,0,0.26,0,0.30,0.56,1,8,1.9,18,20,13,31,88,106.7,7,18.0,59,16
255,J.Cuenca,DF,1,90,0,0,0,0,0,0.00,0,0.03,0.03,0,3,2.24,9,3,1,10,243,21.3,73,0.0,182,104
256,Tete,DF,0,27,1,0,0,0,0,0.00,0,0.00,0.00,0,0,2.17,3,0,0,3,388,0.3,141,2.0,117,140
257,Bassey,DF,5,450,1,0,0,0,0,0.13,1,0.08,0.21,1,8,1.82,23,22,6,29,81,15.3,83,40.0,32,47
258,Castagne,DF,5,408,2,0,0,0,0,0.67,2,0.39,1.06,2,7,1.5,23,18,6,29,96,58.6,22,57.0,11,22
261,Iwobi,MF,5,408,0,0,0,0,0,0.39,0,1.22,1.61,2,7,1.8,5,19,5,29,163,167.5,8,49.0,54,31
262,Smith Rowe,MF,0,38,0,0,0,0,0,0.06,0,0.02,0.08,0,0,2.06,1,2,0,3,350,23.8,115,9.0,135,139
263,Kevin,MF,0,61,0,0,0,0,0,0.07,0,0.12,0.19,0,1,1.81,1,4,3,8,322,6.8,144,18.0,112,144
264,Bobb,MF,5,343,0,0,0,0,0,0.54,0,1.14,1.68,3,6,1.62,5,15,8,28,212,118.7,26,77.0,32,38
265,Berge,MF,4,349,0,0,0,0,0,0.08,0,0.36,0.44,2,5,1.9,7,8,4,19,189,81.0,50,22.0,95,71
266,Cairney,MF,0,0,0,0,0,0,0,0.00,0,0.00,0.00,0,0,0.0,0,0,0,0,557,0.0,235,0.0,210,230
268,King,MF,5,425,1,0,0,0,2,1.54,0,0.46,2.00,2,7,1.76,5,16,7,28,55,67.2,61,179.0,2,14
269,Sessegnon,DF,0,50,0,0,0,0,0,0.13,0,0.44,0.57,0,1,3.24,2,3,1,3,293,26.3,61,31.0,44,91
270,Reed,MF,0,0,0,0,0,0,0,0.00,0,0.00,0.00,0,0,0.0,0,0,0,0,468,0.0,198,0.0,170,193
271,Muniz,FW,0,38,1,0,0,0,0,0.40,0,0.00,0.40,0,1,2.01,3,0,0,3,317,22.2,25,36.0,26,25
272,Kusi-Asare,FW,0,0,0,0,0,0,0,0.00,0,0.00,0.00,0,0,0.0,0,0,0,0,541,0.0,61,0.0,56,61
569,Gonzalo,FW,5,425,0,0,0,0,1,2.33,0,0.58,2.91,2,7,1.76,7,9,2,18,182,46.8,12,125.0,9,14
570,Palacios,MF,3,226,1,0,0,0,1,0.98,0,0.03,1.01,0,7,2.17,4,10,3,17,203,32.6,104,62.0,42,82
580,Charles,MF,3,303,0,0,0,0,0,0.09,0,0.16,0.25,1,5,1.98,23,19,4,46,107,46.1,88,14.0,120,79
610,De Fougerolles,DF,0,0,0,0,0,0,0,0.00,0,0.00,0.00,0,0,0.0,0,0,0,0,449,0.0,165,0.0,150,166
626,Zepa,MF,0,0,0,0,0,0,0,0.00,0,0.00,0.00,0,0,0.0,0,0,0,0,482,0.0,205,0.0,177,200
635,Larsson,MF,0,37,0,0,0,0,0,0.13,0,0.23,0.36,0,1,2.14,2,3,1,6,349,1.9,168,9.0,134,168
636,Ángel,MF,0,0,0,0,0,0,0,0.00,0,0.00,0.00,0,0,0.0,0,0,0,0,609,0.0,265,0.0,251,262
650,Affengruber,DF,2,180,0,0,0,0,0,0.00,0,0.02,0.02,1,1,1.44,20,7,3,23,193,14.6,86,0.0,185,98
240,Iroegbunam,MF,0,70,1,0,0,0,0,0.12,0,0.01,0.13,0,0,0.77,1,5,3,9,329,11.5,137,10.0,132,146
273,Phillips,GK,0,0,0,0,0,0,0,0.00,0,0.00,0.00,0,0,0.0,0,0,0,0,423,0.0,17,0.0,12,36
274,Butland,GK,0,0,0,0,0,0,0,0.00,0,0.00,0.00,0,0,0.0,0,0,0,0,466,0.0,31,0.0,26,50
275,Cartwright,GK,0,0,0,0,0,0,0,0.00,0,0.00,0.00,0,0,0.0,0,0,0,0,441,0.0,28,0.0,23,47
276,Lo-Tutala,GK,0,0,0,0,0,0,0,0.00,0,0.00,0.00,0,0,0.0,0,0,0,0,434,0.0,24,0.0,19,43
277,Egan,DF,5,437,1,0,0,0,0,0.05,0,0.00,0.05,3,4,1.5,50,12,9,59,56,1.3,127,21.0,54,57
278,Hughes,DF,0,0,0,0,0,0,0,0.00,0,0.00,0.00,0,0,0.0,0,0,0,0,409,0.0,146,0.0,131,149
279,Ajayi,DF,5,423,1,0,0,0,1,0.66,0,0.01,0.67,3,4,1.37,21,16,6,27,106,4.2,109,51.0,16,54
280,Coyle,DF,5,348,1,0,0,0,0,0.13,0,0.07,0.20,2,4,1.61,8,11,3,11,272,29.9,58,11.0,81,99
281,Drameh,DF,0,65,0,0,0,0,0,0.05,0,0.00,0.05,0,0,1.2,5,4,1,6,351,0.4,139,1.0,125,135
282,Giles,DF,5,444,1,0,0,0,0,0.02,1,0.43,0.45,3,4,1.49,19,14,5,24,112,132.5,2,6.0,99,14
283,Jacob,DF,0,0,0,0,0,0,0,0.00,0,0.00,0.00,0,0,0.0,0,0,0,0,435,0.0,156,0.0,141,157
284,McCarthy,DF,0,0,0,0,0,0,0,0.00,0,0.00,0.00,0,0,0.0,0,0,0,0,465,0.0,180,0.0,166,181
285,McNair,DF,0,26,0,0,0,0,0,0.00,0,0.00,0.00,0,0,3.32,2,1,0,2,367,0.0,149,0.0,134,139
286,Belloumi,MF,5,394,1,0,0,0,2,0.72,2,0.43,1.15,3,3,1.47,14,14,16,44,11,67.5,60,100.0,19,18
287,Millar,MF,0,50,1,0,0,0,1,0.58,0,0.00,0.58,0,0,1.57,2,1,1,4,233,1.1,177,15.0,118,129
288,Dowell,MF,0,0,0,0,0,0,0,0.00,0,0.00,0.00,0,0,0.0,0,0,0,0,489,0.0,207,0.0,179,202
289,Crooks,MF,3,203,3,0,0,0,0,0.00,0,0.12,0.12,1,4,1.58,9,4,8,21,225,17.3,124,0.0,168,127
290,Slater,MF,5,437,1,0,0,0,0,0.21,1,0.59,0.80,3,4,1.5,9,15,9,33,158,85.1,45,26.0,85,60
291,Matazo,MF,0,0,0,0,0,0,0,0.00,0,0.00,0.00,0,0,0.0,0,0,0,0,504,0.0,209,0.0,181,204
292,Ömür,MF,0,0,0,0,0,0,0,0.00,0,0.00,0.00,0,0,0.0,0,0,0,0,564,0.0,238,0.0,214,234
293,Kamara,MF,0,0,0,0,0,0,0,0.00,0,0.00,0.00,0,0,0.0,0,0,0,0,603,0.0,262,0.0,248,259
294,Zambrano,MF,0,0,0,0,0,0,0,0.00,0,0.00,0.00,0,0,0.0,0,0,0,0,520,0.0,213,0.0,185,208
295,McBurnie,FW,5,441,3,0,0,0,0,1.23,2,0.13,1.36,3,4,1.47,9,9,3,21,201,69.1,5,114.0,11,13
296,Akintola,MF,0,0,0,0,0,0,0,0.00,0,0.00,0.00,0,0,0.0,0,0,0,0,590,0.0,256,0.0,242,253
297,Gyabi,MF,0,0,0,0,0,0,0,0.00,0,0.00,0.00,0,0,0.0,0,0,0,0,472,0.0,200,0.0,172,195
298,Destan,FW,0,0,0,0,0,0,0,0.00,0,0.00,0.00,0,0,0.0,0,0,0,0,510,0.0,52,0.0,46,51
299,Burstow,FW,0,0,0,0,0,0,0,0.00,0,0.00,0.00,0,0,0.0,0,0,0,0,515,0.0,53,0.0,47,52
340,Gelhardt,MF,0,7,0,0,0,0,0,0.10,0,0.02,0.12,0,0,1.67,0,1,0,1,389,1.3,176,12.0,124,173
556,Targett,DF,0,5,0,0,0,0,0,0.00,0,0.00,0.00,0,0,1.26,0,1,0,0,402,0.0,150,0.0,135,152
563,Morita,MF,1,45,0,0,0,0,0,0.00,0,0.00,0.00,0,0,2.18,2,1,0,3,319,13.4,134,0.0,218,160
572,Tzolakis,GK,5,450,1,0,0,0,0,0.00,0,0.00,0.00,3,4,1.48,2,69,1,0,16,0.0,54,0.0,52,3
574,Hjertø-Dahl,MF,0,8,0,0,0,0,0,0.00,0,0.00,0.00,0,0,0.0,0,1,0,1,580,0.0,250,0.0,228,246
576,Stroud,MF,4,249,1,0,0,0,0,0.06,0,0.05,0.11,2,1,1.56,3,12,5,20,335,22.7,117,12.0,125,141
585,Herrington,DF,1,197,0,0,0,0,0,0.02,0,0.04,0.06,0,3,1.54,14,6,2,16,208,23.1,68,11.0,82,87
586,Mendy,DF,4,249,0,0,0,0,1,0.32,0,0.00,0.32,2,1,1.45,32,6,7,39,63,1.4,125,54.0,15,38
589,Gourna-Douath,MF,1,138,1,0,0,0,0,0.03,0,0.03,0.06,1,0,1.47,5,7,5,17,257,33.5,103,2.0,163,117
617,Cho,MF,0,72,0,0,0,0,1,0.79,0,0.36,1.15,0,1,1.22,1,1,0,2,196,43.9,90,55.0,51,73
632,Ansah,FW,0,0,0,0,0,0,0,0.00,0,0.00,0.00,0,0,0.0,0,0,0,0,618,0.0,70,0.0,65,70
637,Vaz,FW,0,20,0,0,0,0,0,0.00,0,0.01,0.01,0,0,1.4,0,2,0,2,383,11.7,34,2.0,42,40
638,Norton-Cuffy,DF,0,34,1,0,0,0,0,0.05,0,0.00,0.05,0,0,0.79,1,4,0,1,384,0.6,135,9.0,89,131
642,Thomas,MF,1,119,0,0,0,0,0,0.21,0,0.11,0.32,0,3,1.54,0,7,1,8,333,40.9,99,12.0,126,122
645,Mouzakitis,MF,0,0,0,0,0,0,0,0.00,0,0.00,0.00,0,0,0.0,0,0,0,0,619,0.0,272,0.0,259,269
259,Diop,DF,5,450,0,0,0,0,0,0.06,0,0.16,0.22,0,11,1.8,41,21,4,45,41,24.2,66,9.0,88,43
267,Lukić,MF,5,400,2,0,0,0,0,0.02,1,0.41,0.43,0,10,1.66,17,13,7,37,131,81.2,48,6.0,147,65
300,Walton,GK,1,90,0,0,0,0,0,0.00,0,0.01,0.01,0,1,2.24,2,17,0,0,311,0.0,32,0.0,27,24
301,Palmer,GK,0,0,0,0,0,0,0,0.00,0,0.00,0.00,0,0,0.0,0,0,0,0,420,0.0,14,0.0,9,33
302,Button,GK,0,0,0,0,0,0,0,0.00,0,0.00,0.00,0,0,0.0,0,0,0,0,413,0.0,9,0.0,4,28
303,Kipré,DF,0,0,0,0,0,0,0,0.00,0,0.00,0.00,0,0,0.0,0,0,0,0,407,0.0,144,0.0,129,147
304,O'Shea,DF,5,450,0,0,0,0,0,0.07,0,0.26,0.33,0,11,1.8,41,18,7,48,31,71.0,12,21.0,53,15
305,Davis,DF,5,450,0,0,0,0,2,1.59,2,0.46,2.05,0,11,1.8,22,10,2,24,25,61.9,20,117.0,2,2
306,Greaves,DF,4,357,1,0,1,0,0,0.00,0,0.06,0.06,0,10,1.7,25,12,5,30,136,16.9,78,4.0,106,81
307,Johnson,DF,0,0,0,0,0,0,0,0.00,0,0.00,0.00,0,0,0.0,0,0,0,0,428,0.0,154,0.0,139,155
308,Furlong,DF,0,17,0,0,0,0,0,0.00,0,0.00,0.00,0,1,4.55,2,0,1,3,359,0.5,138,0.0,128,138
309,Núñez,MF,2,140,0,0,0,0,0,0.03,0,0.05,0.08,0,4,2.24,8,10,3,21,269,19.4,120,6.0,148,130
310,Matusiwa,MF,0,0,0,0,0,0,0,0.00,0,0.00,0.00,0,0,0.0,0,0,0,0,566,0.0,240,0.0,216,236
311,Burns,MF,0,0,0,0,0,0,0,0.00,0,0.00,0.00,0,0,0.0,0,0,0,0,586,0.0,253,0.0,238,250
312,Taylor,MF,0,0,0,0,0,0,0,0.00,0,0.00,0.00,0,0,0.0,0,0,0,0,470,0.0,199,0.0,171,194
313,Clarke,MF,2,170,1,0,0,0,1,0.30,0,0.37,0.67,0,2,1.04,3,5,2,10,187,55.4,70,45.0,60,72
314,Ogbene,MF,0,0,0,0,0,0,0,0.00,0,0.00,0.00,0,0,0.0,0,0,0,0,565,0.0,239,0.0,215,235
315,Fatawu,MF,5,352,2,1,0,0,0,0.17,1,1.11,1.28,0,10,1.99,8,11,9,28,148,133.7,22,41.0,67,37
316,Emersonn,FW,5,317,0,0,0,0,2,1.61,1,0.12,1.73,0,6,1.22,3,4,3,10,80,50.4,10,104.0,13,9
317,Hirst,FW,0,0,0,0,0,0,0,0.00,0,0.00,0.00,0,0,0.0,0,0,0,0,593,0.0,64,0.0,59,64
318,Philogene,MF,0,52,0,0,0,0,0,0.08,0,0.01,0.08,0,1,1.68,0,4,0,4,362,4.6,159,13.0,122,162
319,Szmodics,MF,0,0,0,0,0,0,0,0.00,0,0.00,0.00,0,0,0.0,0,0,0,0,588,0.0,255,0.0,241,252
320,Akpom,FW,0,78,0,0,0,0,1,1.14,0,0.00,1.14,0,4,4.85,0,2,1,3,238,2.5,42,24.0,29,28
321,Walle Egeli,FW,0,10,0,0,0,0,0,0.00,0,0.00,0.00,0,0,0.27,0,0,0,0,522,0.1,49,0.0,49,54
322,Al-Hamadi,FW,0,0,0,0,0,0,0,0.00,0,0.00,0.00,0,0,0.0,0,0,0,0,597,0.0,66,0.0,61,66
323,McAteer,MF,0,42,0,0,0,0,0,0.05,0,0.00,0.05,0,0,0.45,0,4,1,5,363,1.8,169,7.0,141,175
324,Mehmeti,MF,0,0,0,0,0,0,0,0.00,0,0.00,0.00,0,0,0.0,0,0,0,0,554,0.0,232,0.0,205,227
554,Van Oevelen,GK,0,0,0,0,0,0,0,0.00,0,0.00,0.00,0,0,0.0,0,0,0,0,516,0.0,53,0.0,51,66
562,Maeda,MF,3,259,0,0,0,0,0,0.71,0,0.02,0.73,0,8,2.1,8,4,8,20,251,5.5,151,47.0,57,107
564,Scherpen,GK,4,360,0,0,0,0,0,0.00,0,0.01,0.01,0,10,1.68,8,39,0,0,75,0.0,48,0.0,43,14
571,Florentino,MF,0,30,0,0,0,0,0,0.00,0,0.01,0.01,0,0,2.25,1,0,1,2,331,22.3,118,2.0,160,145
591,Enciso,MF,5,413,1,0,0,0,0,1.26,2,0.89,2.15,0,11,1.85,5,24,2,31,164,75.6,54,100.0,20,39
592,Ouattara,DF,1,131,0,0,0,0,0,0.02,0,0.03,0.05,0,2,2.15,7,14,4,11,249,36.2,47,9.0,90,90
602,Humphreys,MF,0,0,0,0,0,0,0,0.00,0,0.00,0.00,0,0,0.0,0,0,0,0,514,0.0,212,0.0,184,207
619,Palacios,MF,3,275,0,0,0,0,0,0.00,0,0.09,0.09,0,7,1.73,12,23,9,44,175,46.6,85,4.0,157,97
640,Flemming,FW,0,60,1,0,0,0,1,0.64,0,0.01,0.65,0,1,0.94,1,3,1,5,224,12.1,32,55.0,21,22
260,Wilson,MF,1,145,1,0,0,0,0,0.01,0,0.09,0.10,1,1,2.04,3,4,4,11,287,52.4,73,12.0,127,106
326,Perri,GK,0,0,0,0,0,0,0,0.00,0,0.00,0.00,0,0,0.0,0,0,0,0,491,0.0,45,0.0,40,60
327,Bijol,DF,2,164,0,0,0,0,0,0.11,0,0.00,0.11,1,2,1.73,18,7,3,21,223,0.6,137,15.0,71,107
329,Rodon,DF,2,123,0,0,0,0,0,0.03,0,0.06,0.09,1,0,0.74,10,2,1,11,274,14.7,84,7.0,96,112
330,Bogle,DF,5,365,2,0,0,0,2,1.38,0,0.08,1.46,4,1,0.71,11,11,5,16,59,34.6,51,119.0,1,5
331,Gudmundsson,DF,3,252,0,0,0,0,0,0.00,0,0.21,0.21,2,1,1.37,5,12,9,14,222,29.5,59,8.0,94,88
332,Justin,DF,5,450,0,0,0,0,0,0.22,0,0.42,0.64,2,3,1.29,28,14,16,44,74,56.1,25,41.0,29,27
333,Bornauw,DF,0,0,0,0,0,0,0,0.00,0,0.00,0.00,0,0,0.0,0,0,0,0,502,0.0,192,0.0,184,193
334,Muharemović,DF,5,450,0,0,0,0,0,0.49,1,0.05,0.54,2,3,1.29,53,16,5,58,19,13.6,92,41.0,30,25
335,Stach,MF,5,447,0,0,0,0,1,0.97,0,0.31,1.28,3,2,1.24,27,21,13,61,47,93.3,38,55.0,52,34
336,Okafor,MF,4,299,0,0,0,0,1,0.17,0,0.27,0.44,3,1,0.71,3,8,7,18,140,41.4,97,40.0,69,75
337,Aaronson,MF,2,194,0,0,0,0,0,0.01,0,0.02,0.03,1,3,1.75,1,11,3,15,313,3.7,161,9.0,136,158
338,Ampadu,MF,5,450,0,0,0,0,0,0.08,1,0.26,0.34,2,3,1.29,24,24,12,60,100,67.1,62,5.0,153,64
339,Longstaff,MF,0,10,0,0,0,0,0,0.00,0,0.00,0.00,0,1,3.15,0,0,0,0,562,0.2,194,0.0,212,232
341,Gnonto,MF,0,0,0,0,0,0,0,0.00,0,0.00,0.00,0,0,0.0,0,0,0,0,606,0.0,264,0.0,250,261
342,Harrison,MF,0,0,0,0,0,0,0,0.00,0,0.00,0.00,0,0,0.0,0,0,0,0,591,0.0,257,0.0,243,254
343,James,MF,0,52,0,0,0,0,0,0.35,0,0.01,0.36,0,1,2.79,1,4,0,5,394,1.3,175,19.0,104,166
344,Gruev,MF,0,0,0,0,0,0,0,0.00,0,0.00,0.00,0,0,0.0,0,0,0,0,600,0.0,260,0.0,246,257
345,Tanaka,MF,3,255,1,0,0,0,0,0.73,2,0.05,0.78,2,1,1.14,11,10,8,29,195,18.3,121,20.0,102,104
346,Calvert-Lewin,FW,5,419,3,0,0,0,2,3.00,1,0.08,3.08,3,2,1.04,9,13,0,22,73,29.6,21,153.0,5,7
347,Nmecha,FW,0,64,0,0,0,0,0,0.27,1,0.15,0.42,0,1,4.08,0,3,1,4,284,22.4,24,15.0,32,31
348,Piroe,FW,0,0,0,0,0,0,0,0.00,0,0.00,0.00,0,0,0.0,0,0,0,0,596,0.0,65,0.0,60,65
349,Mateo Joseph,FW,0,0,0,0,0,0,0,0.00,0,0.00,0.00,0,0,0.0,0,0,0,0,523,0.0,55,0.0,50,55
385,Trafford,GK,5,450,0,0,0,0,0,0.00,0,0.00,0.00,2,3,1.29,6,55,0,0,18,0.0,67,0.0,66,4
598,Elvedi,DF,3,326,0,0,0,0,0,0.12,0,0.58,0.70,1,3,1.5,27,8,2,29,110,25.4,63,39.0,34,50
603,Lienou,DF,0,0,0,0,0,0,0,0.00,0,0.00,0.00,0,0,0.0,0,0,0,0,463,0.0,178,0.0,164,179
604,Cresswell,MF,0,0,0,0,0,0,0,0.00,0,0.00,0.00,0,0,0.0,0,0,0,0,529,0.0,217,0.0,189,212
625,Cairns,GK,0,0,0,0,0,0,0,0.00,0,0.00,0.00,0,0,0.0,0,0,0,0,418,0.0,13,0.0,8,32
629,Zetterer,GK,0,0,0,0,0,0,0,0.00,0,0.00,0.00,0,0,0.0,0,0,0,0,421,0.0,15,0.0,10,34
641,Bard,DF,0,18,0,0,0,0,0,0.00,0,0.00,0.00,0,1,1.5,1,2,1,2,365,10.3,100,0.0,183,126
648,Bahoya,MF,0,1,0,0,0,0,0,0.00,0,0.00,0.00,0,0,0.0,0,0,0,0,397,0.3,191,0.0,257,190
350,A.Becker,GK,5,450,1,0,0,0,0,0.00,0,0.00,0.00,3,4,1.22,10,47,0,0,79,0.0,72,0.0,71,16
351,Mamardashvili,GK,0,0,0,0,0,0,0,0.00,0,0.00,0.00,0,0,0.0,0,0,0,0,570,0.0,59,0.0,57,70
352,Woodman,GK,0,0,0,0,0,0,0,0.00,0,0.00,0.00,0,0,0.0,0,0,0,0,422,0.0,16,0.0,11,35
353,Pecsi,GK,0,0,0,0,0,0,0,0.00,0,0.00,0.00,0,0,0.0,0,0,0,0,458,0.0,30,0.0,25,49
354,Jaros,GK,0,0,0,0,0,0,0,0.00,0,0.00,0.00,0,0,0.0,0,0,0,0,431,0.0,22,0.0,17,41
355,Davies,GK,0,0,0,0,0,0,0,0.00,0,0.00,0.00,0,0,0.0,0,0,0,0,436,0.0,25,0.0,20,44
356,Virgil,DF,5,450,1,0,0,0,0,0.25,0,0.08,0.33,3,4,1.22,43,18,5,48,36,22.3,71,26.0,49,37
357,Frimpong,DF,2,178,1,0,0,0,0,0.01,0,0.23,0.24,0,4,1.98,8,7,4,12,219,76.5,10,16.0,65,59
358,Kerkez,DF,4,385,2,0,0,0,0,0.07,0,0.08,0.15,2,4,1.32,22,10,8,30,122,47.3,34,14.0,74,56
359,Gomez,DF,0,0,0,0,0,0,0,0.00,0,0.00,0.00,0,0,0.0,0,0,0,0,561,0.0,204,0.0,201,205
360,Bradley,DF,0,0,0,0,0,0,0,0.00,0,0.00,0.00,0,0,0.0,0,0,0,0,605,0.0,212,0.0,209,212
361,Lucky,DF,0,0,0,0,0,0,0,0.00,0,0.00,0.00,0,0,0.0,0,0,0,0,445,0.0,161,0.0,146,162
362,Jacquet,DF,5,415,1,0,0,0,0,0.00,0,0.14,0.14,3,4,1.19,25,21,11,36,65,44.5,37,4.0,114,45
363,Leoni,DF,0,0,0,0,0,0,0,0.00,0,0.00,0.00,0,0,0.0,0,0,0,0,464,0.0,179,0.0,165,180
364,Tsimikas,DF,1,64,0,0,0,0,0,0.04,0,0.02,0.06,0,0,0.66,2,3,1,3,352,2.9,115,9.0,91,123
365,Ramsay,DF,0,0,0,0,0,0,0,0.00,0,0.00,0.00,0,0,0.0,0,0,0,0,440,0.0,158,0.0,143,159
366,Wirtz,MF,5,402,1,0,0,0,0,1.00,2,0.40,1.40,3,4,1.08,3,25,8,36,147,147.3,15,101.0,18,20
367,Gakpo,MF,4,370,0,0,0,0,1,0.64,3,1.71,2.35,2,4,1.34,9,15,8,32,28,148.8,13,70.0,38,16
368,Szoboszlai,MF,5,440,1,0,0,0,1,1.42,0,0.82,2.24,3,4,1.23,13,22,6,41,60,178.0,6,57.0,48,17
369,Ngumoha,MF,1,99,0,0,0,0,0,0.15,0,0.05,0.20,0,2,0.62,1,2,1,4,366,8.1,142,11.0,131,164
370,Chiesa,MF,0,0,0,0,0,0,0,0.00,0,0.00,0.00,0,0,0.0,0,0,0,0,623,0.0,274,0.0,261,271
371,Gravenberch,MF,2,190,0,0,0,0,0,0.10,1,0.08,0.18,0,2,0.96,10,11,4,25,194,42.7,92,6.0,150,100
372,Mac Allister,MF,3,306,1,0,0,0,0,0.10,0,0.49,0.59,2,2,1.43,11,19,11,41,169,50.8,76,26.0,86,83
373,C.Jones,MF,0,0,0,0,0,0,0,0.00,0,0.00,0.00,0,0,0.0,0,0,0,0,640,0.0,281,0.0,274,280
374,Endo,MF,0,0,0,0,0,0,0,0.00,0,0.00,0.00,0,0,0.0,0,0,0,0,560,0.0,236,0.0,211,231
375,Nyoni,MF,0,38,0,0,0,0,0,0.00,0,0.00,0.00,0,0,0.85,6,2,2,10,296,2.9,164,0.0,233,167
376,Bajcetic,MF,0,0,0,0,0,0,0,0.00,0,0.00,0.00,0,0,0.0,0,0,0,0,612,0.0,267,0.0,253,264
377,Munoz,MF,3,257,1,0,0,0,1,0.52,1,0.31,0.83,1,2,1.62,5,8,3,16,173,42.4,93,86.0,25,55
378,McConnell,MF,0,0,0,0,0,0,0,0.00,0,0.00,0.00,0,0,0.0,0,0,0,0,473,0.0,201,0.0,173,196
379,Isak,FW,5,413,1,0,0,0,4,3.54,0,0.08,3.62,3,4,1.27,3,3,1,7,21,47.5,11,207.0,3,2
380,Ekitiké,FW,0,0,0,0,0,0,0,0.00,0,0.00,0.00,0,0,0.0,0,0,0,0,665,0.0,78,0.0,78,78
381,Koumas,MF,0,22,0,0,0,0,0,0.28,0,0.00,0.28,0,0,2.95,0,1,0,1,368,0.5,186,24.0,93,150
382,Danns,FW,0,0,0,0,0,0,0,0.00,0,0.00,0.00,0,0,0.0,0,0,0,0,508,0.0,51,0.0,45,50
383,Elliott,MF,0,0,0,0,0,0,0,0.00,0,0.00,0.00,0,0,0.0,0,0,0,0,631,0.0,277,0.0,270,276
579,Araujo,DF,3,284,1,0,0,0,0,0.00,0,0.06,0.06,3,0,0.87,19,15,5,24,162,10.5,99,6.0,103,89
627,Barcola,MF,2,168,0,0,0,0,0,0.26,0,0.13,0.39,2,0,0.77,0,5,3,8,321,27.4,110,31.0,81,113
155,Enzo,MF,3,271,1,0,0,0,1,0.35,0,0.53,0.88,2,3,1.78,6,12,3,21,152,72.8,55,42.0,66,59
237,Ndiaye,MF,4,385,0,0,0,0,0,0.38,2,0.58,0.96,2,4,2.2,10,26,8,44,116,102.6,34,80.0,30,35
384,Donnarumma,GK,5,450,0,0,1,0,0,0.00,0,0.00,0.00,2,5,1.45,4,32,0,0,54,0.0,73,0.0,72,12
386,Bettinelli,GK,0,0,0,0,0,0,0,0.00,0,0.00,0.00,0,0,0.0,0,0,0,0,487,0.0,42,0.0,37,57
387,O'Reilly,DF,2,163,0,0,0,0,0,0.87,0,0.43,1.30,0,2,1.16,2,9,3,5,290,39.5,42,33.0,40,82
388,Guéhi,DF,5,450,0,0,0,0,1,0.95,1,0.39,1.34,2,5,1.45,26,19,3,29,22,56.6,24,41.0,31,9
389,Matheus N.,DF,2,213,0,0,0,0,0,0.00,0,0.06,0.06,1,3,1.97,18,10,3,21,165,6.3,106,4.0,116,96
390,Rúben,DF,5,450,0,0,0,0,0,0.29,0,0.74,1.03,2,5,1.45,25,16,1,26,87,47.3,35,46.0,23,32
391,Gvardiol,DF,5,434,1,0,0,0,1,0.22,3,0.74,0.96,2,5,1.5,20,21,11,31,26,63.5,17,32.0,43,10
392,Aït-Nouri,DF,0,0,0,0,0,0,0,0.00,0,0.00,0.00,0,0,0.0,0,0,0,0,624,0.0,214,0.0,211,214
393,Khusanov,DF,3,268,1,0,0,0,0,0.00,0,0.06,0.06,1,2,0.9,9,13,8,17,188,12.6,95,4.0,115,97
394,Alleyne,DF,0,0,0,0,0,0,0,0.00,0,0.00,0.00,0,0,0.0,0,0,0,0,607,0.0,213,0.0,210,213
395,Lewis,DF,1,56,0,0,0,0,0,0.17,0,0.02,0.19,0,1,0.88,2,0,0,2,371,3.8,113,39.0,33,110
396,Vitor Reis,DF,0,1,0,0,0,0,0,0.00,0,0.00,0.00,0,0,0.0,0,0,0,0,393,0.9,132,0.0,194,143
397,Semenyo,MF,5,450,0,0,0,0,2,0.33,3,1.16,1.49,2,5,1.45,2,14,6,22,14,148.1,14,130.0,9,9
398,Foden,MF,3,217,1,1,0,0,0,1.61,2,0.88,2.49,0,2,0.79,2,8,4,14,170,122.3,25,45.0,61,43
399,Cherki,MF,4,302,1,0,0,0,3,0.72,2,1.54,2.26,1,4,1.49,3,9,0,12,6,199.0,4,108.0,17,4
400,Doku,MF,0,15,0,0,0,0,0,0.23,0,0.32,0.55,0,0,2.52,1,1,0,2,373,13.8,132,5.0,156,163
402,Rodrigo,MF,0,0,0,0,0,0,0,0.00,0,0.00,0.00,0,0,0.0,0,0,0,0,662,0.0,296,0.0,296,296
404,Reijnders,MF,0,0,0,0,0,0,0,0.00,0,0.00,0.00,0,0,0.0,0,0,0,0,657,0.0,293,0.0,291,293
406,Kovačić,MF,0,42,0,0,0,0,0,0.00,0,0.02,0.02,0,0,0.21,0,2,0,2,369,5.2,153,0.0,266,178
407,Echeverri,MF,0,0,0,0,0,0,0,0.00,0,0.00,0.00,0,0,0.0,0,0,0,0,582,0.0,251,0.0,231,248
408,Phillips,MF,0,0,0,0,0,0,0,0.00,0,0.00,0.00,0,0,0.0,0,0,0,0,587,0.0,254,0.0,239,251
409,Mukasa,MF,0,0,0,0,0,0,0,0.00,0,0.00,0.00,0,0,0.0,0,0,0,0,528,0.0,216,0.0,188,211
410,Monga,MF,0,0,0,0,0,0,0,0.00,0,0.00,0.00,0,0,0.0,0,0,0,0,584,0.0,252,0.0,237,249
411,Haaland,FW,5,450,0,0,0,0,5,4.42,0,0.53,4.95,2,5,1.45,10,10,0,20,3,22.5,23,258.0,1,1
481,Anderson,MF,5,413,1,0,0,0,0,0.11,0,0.67,0.78,2,5,1.56,18,23,13,54,102,77.1,53,19.0,110,56
587,Rulli,GK,0,0,0,0,0,0,0,0.00,0,0.00,0.00,0,0,0.0,0,0,0,0,585,0.0,63,0.0,62,71
616,Bouaddi,MF,0,22,0,0,0,0,0,0.00,0,0.12,0.12,0,0,1.51,3,3,0,6,305,4.8,157,0.0,282,169
621,McAidoo,MF,0,11,0,0,0,0,0,0.10,0,0.00,0.10,0,0,0.16,0,2,2,4,358,0.5,184,3.0,158,179
622,Braithwaite,DF,0,1,0,0,0,0,0,0.00,0,0.00,0.00,0,0,0.0,0,1,0,0,399,0.8,133,0.0,153,145
628,Allan,MF,0,0,0,0,0,0,0,0.00,0,0.00,0.00,0,0,0.0,0,0,0,0,659,0.0,294,0.0,292,294
653,Samba,MF,0,0,0,0,0,0,0,0.00,0,0.00,0.00,0,0,0.0,0,0,0,0,531,0.0,218,0.0,190,213
43,Tielemans,MF,5,402,0,0,0,0,0,0.65,0,0.52,1.17,0,8,1.38,11,25,7,43,103,112.6,29,43.0,63,36
131,Baleba,MF,0,0,0,0,0,0,0,0.00,0,0.00,0.00,0,0,0.0,0,0,0,0,576,0.0,246,0.0,224,242
162,Andrey Santos,MF,1,82,0,0,0,0,0,0.00,0,0.24,0.24,0,4,2.23,7,7,4,18,267,5.5,150,8.0,138,140
325,Darlow,GK,0,0,0,0,0,0,0,0.00,0,0.00,0.00,0,0,0.0,0,0,0,0,484,0.0,37,0.0,32,55
412,Lammens,GK,5,450,0,0,0,0,0,0.00,0,0.00,0.00,0,8,1.36,5,38,0,0,29,0.0,60,0.0,58,5
413,Bayindir,GK,0,0,0,0,0,0,0,0.00,0,0.00,0.00,0,0,0.0,0,0,0,0,503,0.0,50,0.0,45,64
414,Heaton,GK,0,0,0,0,0,0,0,0.00,0,0.00,0.00,0,0,0.0,0,0,0,0,410,0.0,6,0.0,1,25
415,Dorgu,MF,2,171,1,0,0,0,0,0.78,1,0.09,0.87,0,6,1.78,8,4,8,20,197,44.1,89,72.0,37,69
416,De Ligt,DF,0,0,0,0,0,0,0,0.00,0,0.00,0.00,0,0,0.0,0,0,0,0,589,0.0,208,0.0,205,209
417,Dalot,DF,4,346,1,0,0,0,0,0.24,0,0.23,0.47,0,4,1.22,10,21,6,16,206,107.7,6,49.0,20,24
418,Maguire,DF,5,450,2,0,0,0,0,0.20,1,0.46,0.66,0,8,1.36,28,21,3,31,104,50.1,30,50.0,18,33
419,Martinez,DF,4,360,0,0,1,0,0,0.21,0,0.16,0.37,0,6,1.45,17,14,3,20,142,18.8,75,32.0,42,66
420,Yoro,DF,0,22,0,0,0,0,0,0.00,0,0.02,0.02,0,2,4.46,3,1,2,5,341,2.4,117,2.0,123,129
421,Heaven,DF,1,90,0,0,0,0,0,0.12,0,0.04,0.16,0,2,1.01,1,4,1,2,348,2.6,116,11.0,83,122
422,Mazraoui,DF,1,97,0,0,0,0,0,0.22,0,0.06,0.28,0,4,1.93,4,3,2,6,283,31.2,57,11.0,84,100
423,Shaw,DF,4,335,1,0,0,0,0,0.03,1,0.58,0.61,0,5,1.24,17,7,6,23,90,91.6,8,17.0,62,26
424,Amass,DF,0,0,0,0,0,0,0,0.00,0,0.00,0.00,0,0,0.0,0,0,0,0,455,0.0,171,0.0,157,172
425,Fredricson,DF,0,0,0,0,0,0,0,0.00,0,0.00,0.00,0,0,0.0,0,0,0,0,448,0.0,164,0.0,149,165
426,B.Fernandes,MF,5,450,0,0,0,0,3,2.56,1,1.32,3.88,0,8,1.36,3,21,5,29,2,241.7,1,117.0,13,1
427,Mbeumo,MF,5,450,1,0,0,0,2,3.07,1,0.80,3.87,0,8,1.36,7,14,5,26,42,164.2,10,156.0,5,6
428,Cunha,MF,5,407,0,0,0,0,1,0.63,2,0.83,1.46,1,5,1.2,1,9,3,13,126,111.5,30,114.0,14,24
429,Rashford,MF,4,351,0,0,0,0,0,0.78,0,0.43,1.21,1,3,1.15,4,10,4,18,179,163.2,11,157.0,4,12
430,Mount,MF,0,10,0,0,0,0,0,0.09,0,0.01,0.10,0,0,0.0,0,1,0,1,400,1.1,178,5.0,152,180
431,Amad,MF,0,0,0,0,0,0,0,0.00,0,0.00,0.00,0,0,0.0,0,0,0,0,646,0.0,287,0.0,283,286
432,Mainoo,MF,4,354,0,0,0,0,0,0.30,1,0.52,0.82,0,4,1.21,10,40,6,56,109,88.8,43,21.0,99,51
433,Ugarte,MF,0,0,0,0,0,0,0,0.00,0,0.00,0.00,0,0,0.0,0,0,0,0,595,0.0,258,0.0,244,255
434,J.Fletcher,MF,0,0,0,0,0,0,0,0.00,0,0.00,0.00,0,0,0.0,0,0,0,0,579,0.0,249,0.0,227,245
435,Lacey,MF,0,10,0,0,0,0,0,0.00,0,0.00,0.00,0,0,0.0,0,1,0,1,405,0.6,183,0.0,232,189
436,Collyer,MF,0,0,0,0,0,0,0,0.00,0,0.00,0.00,0,0,0.0,0,0,0,0,604,0.0,263,0.0,249,260
437,Bendito Mantato,MF,0,0,0,0,0,0,0,0.00,0,0.00,0.00,0,0,0.0,0,0,0,0,481,0.0,204,0.0,176,199
438,Fletcher,MF,0,0,0,0,0,0,0,0.00,0,0.00,0.00,0,0,0.0,0,0,0,0,477,0.0,203,0.0,175,198
439,Šeško,FW,0,76,0,0,0,0,1,0.39,0,0.01,0.40,0,3,2.37,0,5,0,5,239,11.9,33,36.0,27,24
440,Zirkzee,FW,0,20,0,0,0,0,0,0.00,0,0.01,0.01,0,0,0.09,2,2,0,4,343,14.9,27,0.0,69,39
441,Obi,FW,0,0,0,0,0,0,0,0.00,0,0.00,0.00,0,0,0.0,0,0,0,0,532,0.0,58,0.0,53,58
405,N.Gonzalez,MF,3,164,1,0,0,0,0,0.00,0,0.21,0.21,1,2,1.28,3,9,0,12,304,42.0,95,2.0,167,123
442,Pope,GK,0,0,0,0,0,0,0,0.00,0,0.00,0.00,0,0,0.0,0,0,0,0,558,0.0,55,0.0,53,67
443,Gillespie,GK,0,0,0,0,0,0,0,0.00,0,0.00,0.00,0,0,0.0,0,0,0,0,485,0.0,40,0.0,35,56
444,Jaouen,GK,0,0,0,0,0,0,0,0.00,0,0.00,0.00,0,0,0.0,0,0,0,0,479,0.0,36,0.0,31,54
445,Thiaw,DF,5,450,0,0,1,0,0,0.00,0,0.08,0.08,1,9,1.83,45,10,0,45,64,16.3,81,4.0,113,62
446,Schär,DF,0,25,0,0,0,0,0,0.00,0,0.01,0.01,0,2,6.73,7,0,0,7,266,10.5,98,0.0,200,117
447,Botman,DF,5,450,1,0,0,0,0,0.06,0,0.17,0.23,1,9,1.83,54,14,5,59,27,4.1,112,23.0,52,39
448,Burn,DF,0,0,0,0,0,0,0,0.00,0,0.00,0.00,0,0,0.0,0,0,0,0,550,0.0,201,0.0,196,202
449,Hall,DF,5,449,0,0,0,0,1,0.25,1,0.79,1.04,1,9,1.83,33,38,13,46,4,89.0,9,38.0,36,4
450,Livramento,DF,0,33,1,0,0,0,0,0.00,1,0.01,0.01,0,1,0.49,1,4,2,3,360,3.8,114,4.0,111,130
451,A.Murphy,DF,0,0,0,0,0,0,0,0.00,0,0.00,0.00,0,0,0.0,0,0,0,0,447,0.0,163,0.0,148,164
453,Barnes,MF,5,450,0,0,0,0,1,0.62,3,0.48,1.10,1,9,1.83,14,16,3,33,67,80.9,51,96.0,22,28
454,Elanga,MF,3,232,1,0,0,0,2,0.42,0,0.34,0.76,1,3,1.56,2,3,4,9,113,50.6,77,61.0,43,50
456,J.Ramsey,MF,0,69,1,0,0,0,1,0.17,0,0.16,0.33,0,1,2.5,3,6,2,11,215,6.3,146,21.0,96,114
457,J.Murphy,MF,2,181,3,0,0,0,0,0.03,0,0.41,0.44,0,5,2.47,4,10,4,18,306,26.9,111,10.0,133,132
458,Joelinton,MF,0,0,0,0,0,0,0,0.00,0,0.00,0.00,0,0,0.0,0,0,0,0,629,0.0,275,0.0,267,274
459,L.Miley,MF,5,396,1,0,1,0,0,0.05,0,0.14,0.19,1,8,1.81,20,26,6,52,167,57.3,69,5.0,154,89
460,Willock,MF,3,284,0,0,0,0,2,0.81,0,0.30,1.11,1,5,1.64,4,9,5,18,93,41.0,98,68.0,39,49
461,Touré,MF,0,50,0,0,0,0,1,0.28,0,0.01,0.29,0,1,1.37,1,3,0,4,227,5.3,152,21.0,100,118
462,Steur,MF,2,223,0,0,0,0,0,0.00,0,0.06,0.06,1,5,1.71,9,8,4,21,235,52.2,74,0.0,236,103
463,Woltemade,FW,0,19,0,0,0,0,0,0.02,1,0.01,0.03,0,0,1.8,0,0,0,0,288,10.5,36,11.0,36,34
464,Wissa,FW,5,441,2,0,0,1,1,2.35,1,0.06,2.41,1,8,1.63,6,15,6,27,141,60.6,8,106.0,12,12
465,Osula,FW,1,55,0,0,0,0,0,0.06,1,0.14,0.20,0,1,2.42,2,2,1,5,260,13.7,29,8.0,38,33
466,Neave,FW,0,0,0,0,0,0,0,0.00,0,0.00,0.00,0,0,0.0,0,0,0,0,534,0.0,59,0.0,54,59
559,Bamba,MF,0,27,0,0,0,0,0,0.00,0,0.00,0.00,0,1,4.3,3,2,3,8,314,0.4,188,0.0,235,176
567,Horníček,GK,5,450,1,0,0,0,0,0.00,0,0.00,0.00,1,9,1.83,11,31,0,0,12,0.0,69,0.0,68,2
593,Dedić,DF,4,327,0,0,0,0,0,0.14,1,0.08,0.22,1,7,2.03,16,15,8,24,133,40.7,41,15.0,69,63
609,Shahar,DF,0,0,0,0,0,0,0,0.00,0,0.00,0.00,0,0,0.0,0,0,0,0,451,0.0,167,0.0,152,168
634,Fernandez-Pardo,FW,2,157,0,0,0,0,0,0.05,0,0.01,0.06,0,4,1.69,0,3,2,5,374,12.5,30,15.0,33,35
659,Miley,MF,0,0,0,0,0,0,0,0.00,0,0.00,0.00,0,0,0.0,0,0,0,0,546,0.0,227,0.0,200,222
663,Pivas,DF,0,0,0,0,0,0,0,0.00,0,0.00,0.00,0,0,0.0,0,0,0,0,456,0.0,172,0.0,158,173
664,Salia,FW,0,0,0,0,0,0,0,0.00,0,0.00,0.00,0,0,0.0,0,0,0,0,535,0.0,60,0.0,55,60
665,Mills,MF,0,0,0,0,0,0,0,0.00,0,0.00,0.00,0,0,0.0,0,0,0,0,543,0.0,225,0.0,198,220
666,Thompson,MF,0,0,0,0,0,0,0,0.00,0,0.00,0.00,0,0,0.0,0,0,0,0,547,0.0,228,0.0,201,223
167,Delap,FW,3,277,2,0,0,0,1,0.89,0,0.35,1.24,1,3,0.85,5,10,2,17,217,68.6,7,71.0,18,16
201,Muñoz,DF,3,257,0,0,0,0,0,0.60,0,0.21,0.81,0,4,0.91,8,8,7,15,220,62.3,19,79.0,4,35
467,Sels,GK,5,450,0,0,0,0,0,0.00,0,0.01,0.01,1,5,0.95,6,46,0,0,114,0.0,62,0.0,60,19
468,John,GK,0,0,0,0,0,0,0,0.00,0,0.00,0.00,0,0,0.0,0,0,0,0,494,0.0,46,0.0,41,61
469,N.Williams,DF,5,450,0,0,0,0,0,0.41,1,0.61,1.02,1,5,0.95,15,28,14,29,97,123.7,4,42.0,27,7
470,Morato,DF,0,0,0,0,0,0,0,0.00,0,0.00,0.00,0,0,0.0,0,0,0,0,599,0.0,211,0.0,208,211
471,Milenković,DF,3,270,1,0,0,0,0,0.11,0,0.03,0.14,1,3,1.09,26,12,5,31,180,1.4,126,16.0,66,95
472,Murillo,DF,5,449,1,0,0,0,0,0.42,1,0.37,0.79,1,5,0.96,44,18,9,53,38,62.6,18,27.0,48,21
473,Aina,DF,4,306,2,0,0,0,0,0.04,0,0.53,0.57,1,3,1.09,12,14,10,22,168,53.3,26,15.0,68,61
474,Jair Cunha,DF,4,360,2,0,0,0,0,0.05,0,0.02,0.07,1,4,0.99,29,8,7,36,134,14.2,88,2.0,121,83
475,Savona,DF,0,0,0,0,0,0,0,0.00,0,0.00,0.00,0,0,0.0,0,0,0,0,509,0.0,193,0.0,186,194
476,O.Richards,DF,0,0,0,0,0,0,0,0.00,0,0.00,0.00,0,0,0.0,0,0,0,0,425,0.0,152,0.0,137,153
477,Abbott,DF,0,0,0,0,0,0,0,0.00,0,0.00,0.00,0,0,0.0,0,0,0,0,450,0.0,166,0.0,151,167
478,Netz,DF,0,27,0,0,0,0,0,0.00,0,0.02,0.02,0,1,0.43,0,1,1,1,355,17.5,77,2.0,119,120
479,Bindon,DF,0,0,0,0,0,0,0,0.00,0,0.00,0.00,0,0,0.0,0,0,0,0,446,0.0,162,0.0,147,163
480,Gibbs-White,MF,5,450,0,0,0,0,1,1.56,2,1.42,2.98,1,5,0.95,2,14,5,21,39,204.7,3,78.0,31,10
482,Hudson-Odoi,MF,0,1,0,0,0,0,0,0.00,0,0.00,0.00,0,0,0.0,0,0,0,0,647,0.3,193,0.0,284,287
483,Ndoye,MF,5,316,1,0,0,0,1,1.25,0,0.93,2.18,1,3,1.09,3,15,2,20,221,63.6,64,90.0,24,53
484,Hutchinson,MF,0,0,0,0,0,0,0,0.00,0,0.00,0.00,0,0,0.0,0,0,0,0,634,0.0,279,0.0,272,278
485,Bakwa,MF,0,0,0,0,0,0,0,0.00,0,0.00,0.00,0,0,0.0,0,0,0,0,644,0.0,285,0.0,279,284
486,McAtee,MF,5,416,2,0,0,0,0,0.37,0,0.96,1.33,2,4,0.98,9,21,9,39,157,174.8,7,38.0,71,32
487,Dominguez,MF,0,1,0,0,0,0,0,0.00,0,0.00,0.00,0,0,0.0,0,0,0,0,404,0.0,241,0.0,217,237
488,I.Sangaré,MF,1,105,0,0,0,0,0,0.09,0,0.02,0.11,0,1,0.48,4,3,1,8,278,13.7,133,5.0,151,138
489,Yates,MF,0,0,0,0,0,0,0,0.00,0,0.00,0.00,0,0,0.0,0,0,0,0,492,0.0,208,0.0,180,203
490,Wood,FW,0,62,0,0,0,0,0,0.12,0,0.01,0.13,0,1,0.77,0,1,0,1,395,4.8,39,3.0,41,44
491,Igor Jesus,FW,2,257,1,0,0,0,1,1.25,0,0.08,1.33,0,3,0.91,5,8,2,15,177,40.7,16,100.0,14,15
493,Kalimuendo,FW,0,1,0,0,0,0,0,0.00,0,0.00,0.00,0,0,0.0,0,0,0,0,632,0.0,73,0.0,70,73
558,Schlager,MF,4,376,1,0,0,0,0,0.19,0,0.18,0.37,1,5,1.06,11,21,17,49,137,25.0,112,31.0,80,87
581,Diomande,DF,2,163,0,0,0,0,0,0.16,0,0.01,0.17,0,2,0.8,18,10,1,19,245,1.0,131,19.0,58,108
590,Benda,GK,0,0,0,0,0,0,0,0.00,0,0.00,0.00,0,0,0.0,0,0,0,0,501,0.0,49,0.0,44,63
112,Van Hecke,DF,5,450,1,0,0,0,1,0.69,0,0.42,1.11,2,8,1.56,33,17,10,43,5,74.9,11,70.0,7,3
147,Tosin,DF,0,5,0,0,0,0,0,0.00,0,0.00,0.00,0,0,0.54,2,1,2,4,330,0.2,142,0.0,168,134
401,Marmoush,FW,4,339,0,0,0,0,0,0.38,0,0.15,0.53,2,5,1.02,0,11,2,13,289,55.5,9,58.0,20,21
403,Sávio,MF,3,240,0,0,0,0,0,0.41,0,0.70,1.11,2,3,1.04,3,8,0,11,191,130.0,23,96.0,23,30
455,Tonali,MF,5,427,0,0,0,0,0,0.24,0,0.61,0.85,2,8,1.63,11,20,11,42,153,89.0,42,28.0,83,57
494,Vicario,GK,0,0,0,0,0,0,0,0.00,0,0.00,0.00,0,0,0.0,0,0,0,0,490,0.0,44,0.0,39,59
495,Austin,GK,0,0,0,0,0,0,0,0.00,0,0.00,0.00,0,0,0.0,0,0,0,0,426,0.0,19,0.0,14,38
496,Kinsky,GK,5,450,0,0,0,0,0,0.00,0,0.00,0.00,2,8,1.56,10,34,0,0,68,10.0,3,0.0,48,11
497,Dubravka,GK,0,0,0,0,0,0,0,0.00,0,0.00,0.00,0,0,0.0,0,0,0,0,414,0.0,10,0.0,5,29
498,Senesi,DF,1,90,0,0,0,0,0,0.00,0,0.02,0.02,0,3,3.87,11,2,5,16,231,2.2,118,0.0,215,116
499,Pedro Porro,DF,3,198,0,0,0,0,0,0.37,0,0.16,0.53,1,2,0.76,6,5,3,9,276,47.6,33,28.0,47,75
500,Romero,DF,0,0,0,0,0,0,0,0.00,0,0.00,0.00,0,0,0.0,0,0,0,0,592,0.0,209,0.0,206,210
502,Robertson,DF,4,366,0,0,0,0,0,0.13,1,0.43,0.56,1,7,1.73,15,15,5,20,98,123.9,3,41.0,28,8
503,Van de Ven,DF,4,360,1,0,0,0,0,0.59,0,0.05,0.64,2,5,0.98,24,17,5,29,121,8.7,102,18.0,61,73
505,Spence,DF,0,0,0,0,0,0,0,0.00,0,0.00,0.00,0,0,0.0,0,0,0,0,497,0.0,188,0.0,178,189
506,Udogie,DF,1,86,1,0,0,0,0,0.00,0,0.23,0.23,1,1,1.22,3,4,1,4,326,13.5,93,4.0,108,118
507,Phillips,DF,0,0,0,0,0,0,0,0.00,0,0.00,0.00,0,0,0.0,0,0,0,0,517,0.0,196,0.0,189,197
508,Davies,DF,0,0,0,0,0,0,0,0.00,0,0.00,0.00,0,0,0.0,0,0,0,0,406,0.0,143,0.0,127,146
509,Byfield,DF,0,0,0,0,0,0,0,0.00,0,0.00,0.00,0,0,0.0,0,0,0,0,462,0.0,177,0.0,163,178
510,Rowswell,DF,0,0,0,0,0,0,0,0.00,0,0.00,0.00,0,0,0.0,0,0,0,0,443,0.0,160,0.0,145,161
511,Souza,DF,0,0,0,0,0,0,0,0.00,0,0.00,0.00,0,0,0.0,0,0,0,0,461,0.0,176,0.0,162,177
512,Kudus,MF,0,123,0,0,0,0,0,0.11,1,0.42,0.53,0,3,1.07,0,11,3,14,229,48.7,82,26.0,88,93
513,Xavi,MF,0,0,0,0,0,0,0,0.00,0,0.00,0.00,0,0,0.0,0,0,0,0,655,0.0,292,0.0,290,292
514,Tel,MF,3,257,0,0,0,0,0,0.21,0,0.23,0.44,1,4,1.94,1,11,1,13,280,52.7,72,72.0,36,77
515,Maddison,MF,0,59,0,0,0,0,0,0.06,0,0.04,0.10,0,2,1.57,3,4,4,11,277,14.5,131,19.0,109,126
516,Bentancur,MF,4,370,0,0,0,0,0,0.02,0,0.12,0.14,2,6,1.36,22,23,15,60,117,39.3,101,8.0,140,86
517,Odobert,MF,0,0,0,0,0,0,0,0.00,0,0.00,0.00,0,0,0.0,0,0,0,0,645,0.0,286,0.0,281,285
518,P.M.Sarr,MF,0,0,0,0,0,0,0,0.00,0,0.00,0.00,0,0,0.0,0,0,0,0,573,0.0,244,0.0,221,240
519,Gallagher,MF,2,134,1,0,0,0,1,0.37,0,0.12,0.49,1,2,1.78,1,9,8,18,199,12.2,136,36.0,73,101
520,Bergvall,MF,1,78,0,0,0,0,0,0.06,0,0.27,0.33,0,2,2.55,1,9,3,13,320,10.8,139,11.0,129,152
521,Kulusevski,MF,0,0,0,0,0,0,0,0.00,0,0.00,0.00,0,0,0.0,0,0,0,0,663,0.0,297,0.0,297,297
522,Gray,MF,3,307,0,0,0,0,0,0.23,0,0.05,0.28,1,7,1.79,10,12,5,27,258,14.6,130,27.0,84,110
523,Moore,MF,1,89,0,0,0,0,0,0.40,0,0.02,0.42,0,4,3.3,0,2,1,3,301,6.3,147,56.0,49,108
524,Olusesi,MF,0,0,0,0,0,0,0,0.00,0,0.00,0.00,0,0,0.0,0,0,0,0,475,0.0,202,0.0,174,197
525,Fernandes,MF,3,249,1,0,0,0,0,0.19,0,0.28,0.47,1,4,1.6,2,12,7,21,271,92.6,39,34.0,75,78
526,Solanke,FW,2,170,0,0,0,0,0,0.56,0,0.01,0.57,1,1,1.36,2,5,2,9,336,17.5,26,37.0,25,29
527,Richarlison,FW,1,67,0,0,0,0,0,0.00,0,0.00,0.00,0,3,4.06,1,0,0,1,652,2.2,43,0.0,75,46
528,Scarlett,FW,0,0,0,0,0,0,0,0.00,0,0.00,0.00,0,0,0.0,0,0,0,0,505,0.0,50,0.0,44,49
578,Mudryk,MF,0,16,0,0,0,0,0,0.00,0,0.00,0.00,0,0,0.9,0,0,0,0,625,0.1,196,2.0,164,191
601,Williams-Barnett,MF,0,0,0,0,0,0,0,0.00,0,0.00,0.00,0,0,0.0,0,0,0,0,536,0.0,220,0.0,192,215
501,Danso,DF,3,270,0,0,0,0,0,0.07,0,0.17,0.24,0,8,1.97,19,11,1,20,176,32.9,55,21.0,57,71
529,Roefs,GK,5,450,0,0,0,0,0,0.00,0,0.01,0.01,1,10,1.73,7,35,0,0,124,0.0,61,0.0,59,20
530,Patterson,GK,0,0,0,0,0,0,0,0.00,0,0.00,0.00,0,0,0.0,0,0,0,0,429,0.0,20,0.0,15,39
531,Ellborg,GK,0,0,0,0,0,0,0,0.00,0,0.00,0.00,0,0,0.0,0,0,0,0,476,0.0,34,0.0,29,52
532,Ballard,DF,5,450,2,0,0,0,0,0.31,0,0.16,0.47,1,10,1.73,39,12,10,49,72,23.8,67,35.0,39,40
533,Mukiele,DF,4,360,1,0,0,0,0,0.75,0,0.28,1.03,1,8,1.72,35,16,13,48,51,48.4,32,59.0,10,13
534,Hume,DF,2,206,0,0,0,0,0,0.14,0,0.29,0.43,1,2,2.0,3,12,10,13,246,59.0,21,23.0,51,67
535,Alderete,DF,0,23,0,0,0,0,0,0.00,0,0.01,0.01,0,1,0.39,0,2,0,0,553,0.6,136,0.0,198,204
536,Reinildo,DF,4,360,0,1,0,0,0,0.00,0,0.32,0.32,1,5,1.26,21,18,8,29,178,36.4,46,6.0,100,77
537,Seelt,DF,0,0,0,0,0,0,0,0.00,0,0.00,0.00,0,0,0.0,0,0,0,0,513,0.0,195,0.0,188,196
538,Hjelde,DF,0,0,0,0,0,0,0,0.00,0,0.00,0.00,0,0,0.0,0,0,0,0,437,0.0,157,0.0,142,158
539,O'Nien,DF,1,66,1,0,0,0,0,0.01,0,0.01,0.02,0,1,2.3,4,4,1,5,316,1.4,124,4.0,105,124
540,Masuaku,DF,0,0,0,0,0,0,0,0.00,0,0.00,0.00,0,0,0.0,0,0,0,0,419,0.0,148,0.0,133,151
541,Meunier,DF,5,396,0,0,0,0,0,0.34,1,0.58,0.92,1,8,1.35,16,15,4,20,132,41.4,40,43.0,25,42
542,E.Le Fée,MF,5,438,0,0,0,1,1,2.06,1,1.34,3.40,1,9,1.74,3,11,7,21,101,137.3,21,82.0,27,21
543,Diarra,MF,0,28,0,0,0,0,0,0.03,1,0.16,0.19,0,1,0.39,0,0,0,0,297,10.9,138,2.0,165,151
544,Xhaka,MF,5,450,2,0,0,0,0,0.06,1,1.32,1.38,1,10,1.73,12,33,9,54,89,191.1,5,3.0,159,27
545,Sadiki,MF,5,410,1,0,0,0,0,0.44,0,0.24,0.68,1,9,1.42,11,12,6,29,183,59.5,66,81.0,28,52
546,Adingra,MF,0,0,0,0,0,0,0,0.00,0,0.00,0.00,0,0,0.0,0,0,0,0,577,0.0,247,0.0,225,243
547,Mundle,MF,0,1,0,0,0,0,0,0.17,0,0.00,0.17,0,0,8.1,1,0,0,1,340,0.1,195,17.0,114,157
548,Rigg,MF,0,17,0,0,0,0,0,0.00,0,0.00,0.00,0,1,2.33,0,1,0,1,581,0.3,189,0.0,229,247
549,Talbi,MF,0,31,0,0,0,0,0,0.00,0,0.00,0.00,0,1,0.41,0,2,0,2,627,0.9,179,0.0,264,273
550,Jocelin.T,MF,0,0,0,0,0,0,0,0.00,0,0.00,0.00,0,0,0.0,0,0,0,0,621,0.0,273,0.0,260,270
551,N.Angulo,MF,5,313,1,0,0,0,1,0.60,1,0.13,0.73,1,7,1.31,5,14,5,24,128,38.3,102,47.0,56,67
552,Brobbey,FW,5,399,1,0,0,0,3,2.94,0,0.11,3.05,1,9,1.85,1,10,0,11,62,69.0,6,142.0,7,6
553,Isidor,FW,0,117,0,0,0,0,1,1.49,1,0.01,1.50,0,3,2.91,0,3,2,5,253,1.0,45,35.0,28,27
612,Methalie,DF,1,90,1,0,0,0,0,0.03,0,0.01,0.04,0,5,2.82,2,4,1,3,339,2.0,119,2.0,122,132
613,Ahoka,MF,0,0,0,0,0,0,0,0.00,0,0.00,0.00,0,0,0.0,0,0,0,0,549,0.0,230,0.0,203,225
646,Fofana,MF,0,60,0,0,0,0,0,0.39,0,0.01,0.40,0,2,4.88,0,2,1,3,310,2.1,167,44.0,62,124
651,J.Angulo,FW,0,0,0,0,0,0,0,0.00,0,0.00,0.00,0,0,0.0,0,0,0,0,545,0.0,62,0.0,57,62
