player_id,player,team,pos,photo_url
1,David Raya Martín,ARS,GK,https://resources.premierleague.com/premierleague/photos/players/110x140/p154561.png
2,Kepa Arrizabalaga Revuelta,ARS,GK,https://resources.premierleague.com/premierleague/photos/players/110x140/p109745.png
3,Illan Meslier,ARS,GK,https://resources.premierleague.com/premierleague/photos/players/110x140/p437495.png
4,Gabriel dos Santos Magalhães,ARS,DF,https://resources.premierleague.com/premierleague/photos/players/110x140/p226597.png
5,Jurriën Timber,ARS,DF,https://resources.premierleague.com/premierleague/photos/players/110x140/p445122.png
6,William Saliba,ARS,DF,https://resources.premierleague.com/premierleague/photos/players/110x140/p462424.png
7,Myles Lewis-Skelly,ARS,MF,https://resources.premierleague.com/premierleague/photos/players/110x140/p499169.png
8,Riccardo Calafiori,ARS,DF,https://resources.premierleague.com/premierleague/photos/players/110x140/p466075.png
9,Piero Hincapié,ARS,DF,https://resources.premierleague.com/premierleague/photos/players/110x140/p448104.png
10,Benjamin White,ARS,DF,https://resources.premierleague.com/premierleague/photos/players/110x140/p198869.png
11,Cristhian Mosquera,ARS,DF,https://resources.premierleague.com/premierleague/photos/players/110x140/p500040.png
12,Bukayo Saka,ARS,MF,https://resources.premierleague.com/premierleague/photos/players/110x140/p223340.png
13,Declan Rice,ARS,MF,https://resources.premierleague.com/premierleague/photos/players/110x140/p204480.png
14,Eberechi Eze,ARS,MF,https://resources.premierleague.com/premierleague/photos/players/110x140/p232413.png
15,Martin Ødegaard,ARS,MF,https://resources.premierleague.com/premierleague/photos/players/110x140/p184029.png
16,Noni Madueke,ARS,MF,https://resources.premierleague.com/premierleague/photos/players/110x140/p248857.png
17,Mikel Merino Zazón,ARS,MF,https://resources.premierleague.com/premierleague/photos/players/110x140/p195384.png
18,Gabriel Martinelli Silva,ARS,MF,https://resources.premierleague.com/premierleague/photos/players/110x140/p444145.png
19,Martín Zubimendi Ibáñez,ARS,MF,https://resources.premierleague.com/premierleague/photos/players/110x140/p481655.png
20,Max Dowman,ARS,MF,https://resources.premierleague.com/premierleague/photos/players/110x140/p616077.png
22,Ethan Nwaneri,ARS,MF,https://resources.premierleague.com/premierleague/photos/players/110x140/p499175.png
23,Fábio Ferreira Vieira,ARS,MF,https://resources.premierleague.com/premierleague/photos/players/110x140/p438098.png
24,Reiss Nelson,ARS,MF,https://resources.premierleague.com/premierleague/photos/players/110x140/p200641.png
25,Viktor Gyökeres,ARS,FW,https://resources.premierleague.com/premierleague/photos/players/110x140/p224117.png
26,Kai Havertz,ARS,FW,https://resources.premierleague.com/premierleague/photos/players/110x140/p219847.png
27,Gabriel Fernando de Jesus,ARS,FW,https://resources.premierleague.com/premierleague/photos/players/110x140/p205651.png
31,Ezri Konsa Ngoyo,ARS,DF,https://resources.premierleague.com/premierleague/photos/players/110x140/p199798.png
452,Bruno Guimarães Rodriguez Moura,ARS,MF,https://resources.premierleague.com/premierleague/photos/players/110x140/p208706.png
557,Christos Tzolis,ARS,MF,https://resources.premierleague.com/premierleague/photos/players/110x140/p439509.png
29,Marco Bizot,AVL,GK,https://resources.premierleague.com/premierleague/photos/players/110x140/p72147.png
30,Lucas Digne,AVL,DF,https://resources.premierleague.com/premierleague/photos/players/110x140/p101188.png
32,Matty Cash,AVL,DF,https://resources.premierleague.com/premierleague/photos/players/110x140/p199796.png
33,Tyrone Mings,AVL,DF,https://resources.premierleague.com/premierleague/photos/players/110x140/p149484.png
34,Pau Torres,AVL,DF,https://resources.premierleague.com/premierleague/photos/players/110x140/p244954.png
35,Lamare Bogarde,AVL,MF,https://resources.premierleague.com/premierleague/photos/players/110x140/p515597.png
36,Ian Maatsen,AVL,DF,https://resources.premierleague.com/premierleague/photos/players/110x140/p441302.png
37,Victor Lindelöf,AVL,DF,https://resources.premierleague.com/premierleague/photos/players/110x140/p184667.png
38,Andrés García,AVL,DF,https://resources.premierleague.com/premierleague/photos/players/110x140/p606798.png
39,Kosta Nedeljkovic,AVL,DF,https://resources.premierleague.com/premierleague/photos/players/110x140/p578545.png
41,Emiliano Buendía Stati,AVL,MF,https://resources.premierleague.com/premierleague/photos/players/110x140/p195546.png
44,Leon Bailey,AVL,MF,https://resources.premierleague.com/premierleague/photos/players/110x140/p215711.png
45,John McGinn,AVL,MF,https://resources.premierleague.com/premierleague/photos/players/110x140/p122806.png
46,Ross Barkley,AVL,MF,https://resources.premierleague.com/premierleague/photos/players/110x140/p88894.png
47,Boubacar Kamara,AVL,MF,https://resources.premierleague.com/premierleague/photos/players/110x140/p226944.png
48,Amadou Onana,AVL,MF,https://resources.premierleague.com/premierleague/photos/players/110x140/p449871.png
49,Samuel Iling-Junior,AVL,MF,https://resources.premierleague.com/premierleague/photos/players/110x140/p469247.png
50,Bradley Burrowes,AVL,MF,https://resources.premierleague.com/premierleague/photos/players/110x140/p645618.png
51,George Hemmings,AVL,MF,https://resources.premierleague.com/premierleague/photos/players/110x140/p577285.png
52,Alysson Edward Franco da Rocha dos Santos,AVL,MF,https://resources.premierleague.com/premierleague/photos/players/110x140/p653481.png
53,Johan Manzambi,AVL,MF,https://resources.premierleague.com/premierleague/photos/players/110x140/p614071.png
54,Joao Gomes,AVL,MF,https://resources.premierleague.com/premierleague/photos/players/110x140/p448089.png
55,Ollie Watkins,AVL,FW,https://resources.premierleague.com/premierleague/photos/players/110x140/p178301.png
56,Tammy Abraham,AVL,FW,https://resources.premierleague.com/premierleague/photos/players/110x140/p173879.png
160,Alejandro Garnacho Ferreyra,AVL,MF,https://resources.premierleague.com/premierleague/photos/players/110x140/p493105.png
166,Nicolas Jackson,AVL,FW,https://resources.premierleague.com/premierleague/photos/players/110x140/p517052.png
582,Brian Madjo,AVL,FW,https://resources.premierleague.com/premierleague/photos/players/110x140/p690838.png
596,Matteo Ruggeri,AVL,DF,https://resources.premierleague.com/premierleague/photos/players/110x140/p487992.png
597,Zion Suzuki,AVL,GK,https://resources.premierleague.com/premierleague/photos/players/110x140/p433969.png
606,Triston Rowe,AVL,DF,https://resources.premierleague.com/premierleague/photos/players/110x140/p569577.png
607,Luka Lynch,AVL,MF,https://resources.premierleague.com/premierleague/photos/players/110x140/p571380.png
611,Aaron Wan-Bissaka,AVL,DF,https://resources.premierleague.com/premierleague/photos/players/110x140/p214590.png
618,Leon Goretzka,AVL,MF,https://resources.premierleague.com/premierleague/photos/players/110x140/p119090.png
630,Taylor Harwood-Bellis,AVL,DF,https://resources.premierleague.com/premierleague/photos/players/110x140/p245719.png
631,Ibrahim Mbaye,AVL,MF,https://resources.premierleague.com/premierleague/photos/players/110x140/p638987.png
667,James Wright,AVL,GK,https://resources.premierleague.com/premierleague/photos/players/110x140/p481283.png
57,Đorđe Petrović,BHA,GK,https://resources.premierleague.com/premierleague/photos/players/110x140/p457569.png
58,Fraser Forster,BHA,GK,https://resources.premierleague.com/premierleague/photos/players/110x140/p40383.png
59,Will Dennis,BHA,GK,https://resources.premierleague.com/premierleague/photos/players/110x140/p444172.png
60,James Hill,BHA,DF,https://resources.premierleague.com/premierleague/photos/players/110x140/p463981.png
61,Adrien Truffert,BHA,DF,https://resources.premierleague.com/premierleague/photos/players/110x140/p494521.png
62,Bafodé Diakité,BHA,DF,https://resources.premierleague.com/premierleague/photos/players/110x140/p242882.png
63,Veljko Milosavljevic,BHA,DF,https://resources.premierleague.com/premierleague/photos/players/110x140/p620487.png
64,Adam Smith,BHA,DF,https://resources.premierleague.com/premierleague/photos/players/110x140/p54469.png
65,Julián Araujo Zúñiga,BHA,DF,https://resources.premierleague.com/premierleague/photos/players/110x140/p436893.png
66,Julio Soler Barreto,BHA,DF,https://resources.premierleague.com/premierleague/photos/players/110x140/p575901.png
67,Rayan Vitor Simplício Rocha,BHA,MF,https://resources.premierleague.com/premierleague/photos/players/110x140/p499604.png
68,Marcus Tavernier,BHA,MF,https://resources.premierleague.com/premierleague/photos/players/110x140/p201658.png
69,Alex Scott,BHA,MF,https://resources.premierleague.com/premierleague/photos/players/110x140/p503139.png
70,Justin Kluivert,BHA,MF,https://resources.premierleague.com/premierleague/photos/players/110x140/p222683.png
71,Lewis Cook,BHA,MF,https://resources.premierleague.com/premierleague/photos/players/110x140/p155408.png
72,Ben Gannon-Doak,BHA,MF,https://resources.premierleague.com/premierleague/photos/players/110x140/p496208.png
73,Tyler Adams,BHA,MF,https://resources.premierleague.com/premierleague/photos/players/110x140/p200785.png
74,David Brooks,BHA,MF,https://resources.premierleague.com/premierleague/photos/players/110x140/p111317.png
75,Ryan Christie,BHA,MF,https://resources.premierleague.com/premierleague/photos/players/110x140/p158499.png
76,Alex Tóth,BHA,MF,https://resources.premierleague.com/premierleague/photos/players/110x140/p614574.png
77,Amine Adli,BHA,MF,https://resources.premierleague.com/premierleague/photos/players/110x140/p489888.png
78,Junior Kroupi,BHA,MF,https://resources.premierleague.com/premierleague/photos/players/110x140/p560262.png
79,Francisco Evanilson de Lima Barbosa,BHA,FW,https://resources.premierleague.com/premierleague/photos/players/110x140/p444102.png
80,Enes Ünal,BHA,FW,https://resources.premierleague.com/premierleague/photos/players/110x140/p168636.png
81,Álvaro Rodríguez,BHA,FW,https://resources.premierleague.com/premierleague/photos/players/110x140/p561245.png
566,António João Pereira de Albuquerque Tavares da Silva,BHA,DF,https://resources.premierleague.com/premierleague/photos/players/110x140/p483067.png
573,Juanlu Sánchez,BHA,DF,https://resources.premierleague.com/premierleague/photos/players/110x140/p494928.png
608,Daniel Jebbison,BHA,FW,https://resources.premierleague.com/premierleague/photos/players/110x140/p523700.png
615,Michele Di Gregorio,BHA,GK,https://resources.premierleague.com/premierleague/photos/players/110x140/p230650.png
82,Caoimhín Kelleher,BOU,GK,https://resources.premierleague.com/premierleague/photos/players/110x140/p200720.png
83,Hákon Rafn Valdimarsson,BOU,GK,https://resources.premierleague.com/premierleague/photos/players/110x140/p507433.png
84,Nathan Collins,BOU,DF,https://resources.premierleague.com/premierleague/photos/players/110x140/p432830.png
85,Sepp van den Berg,BOU,DF,https://resources.premierleague.com/premierleague/photos/players/110x140/p444765.png
86,Keane Lewis-Potter,BOU,MF,https://resources.premierleague.com/premierleague/photos/players/110x140/p249231.png
87,Kristoffer Ajer,BOU,DF,https://resources.premierleague.com/premierleague/photos/players/110x140/p191866.png
88,Michael Kayode,BOU,DF,https://resources.premierleague.com/premierleague/photos/players/110x140/p607464.png
89,Rico Henry,BOU,DF,https://resources.premierleague.com/premierleague/photos/players/110x140/p194010.png
90,Aaron Hickey,BOU,DF,https://resources.premierleague.com/premierleague/photos/players/110x140/p472713.png
92,Kim Ji-soo,BOU,DF,https://resources.premierleague.com/premierleague/photos/players/110x140/p570241.png
93,Jannik Schuster,BOU,DF,https://resources.premierleague.com/premierleague/photos/players/110x140/p513086.png
94,Kevin Schade,BOU,MF,https://resources.premierleague.com/premierleague/photos/players/110x140/p513418.png
95,Dango Ouattara,BOU,MF,https://resources.premierleague.com/premierleague/photos/players/110x140/p533463.png
96,Mikkel Damsgaard,BOU,MF,https://resources.premierleague.com/premierleague/photos/players/110x140/p440089.png
97,Mathias Jensen,BOU,MF,https://resources.premierleague.com/premierleague/photos/players/110x140/p207283.png
98,Vitaly Janelt,BOU,MF,https://resources.premierleague.com/premierleague/photos/players/110x140/p204580.png
99,Antoni Milambo,BOU,MF,https://resources.premierleague.com/premierleague/photos/players/110x140/p543295.png
100,Fábio Freitas Gouveia Carvalho,BOU,MF,https://resources.premierleague.com/premierleague/photos/players/110x140/p244858.png
102,Yehor Yarmoliuk,BOU,MF,https://resources.premierleague.com/premierleague/photos/players/110x140/p508395.png
103,Josh Dasilva,BOU,MF,https://resources.premierleague.com/premierleague/photos/players/110x140/p183656.png
105,Jaidon Anthony,BOU,MF,https://resources.premierleague.com/premierleague/photos/players/110x140/p444180.png
106,Igor Thiago Nascimento Rodrigues,BOU,FW,https://resources.premierleague.com/premierleague/photos/players/110x140/p502500.png
107,Kaye Furo,BOU,FW,https://resources.premierleague.com/premierleague/photos/players/110x140/p593174.png
108,Callum Wilson,BOU,FW,https://resources.premierleague.com/premierleague/photos/players/110x140/p75115.png
565,Mamadou Sangaré,BOU,MF,https://resources.premierleague.com/premierleague/photos/players/110x140/p513545.png
620,El Hadji Malick Diouf,BOU,DF,https://resources.premierleague.com/premierleague/photos/players/110x140/p613804.png
657,Gustavo Nunes Fernandes Gomes,BOU,MF,https://resources.premierleague.com/premierleague/photos/players/110x140/p626464.png
660,Benjamin Fredrick,BOU,DF,https://resources.premierleague.com/premierleague/photos/players/110x140/p612534.png
661,Ellery Balcombe,BOU,GK,https://resources.premierleague.com/premierleague/photos/players/110x140/p235448.png
109,Bart Verbruggen,BRE,GK,https://resources.premierleague.com/premierleague/photos/players/110x140/p489639.png
111,Jason Steele,BRE,GK,https://resources.premierleague.com/premierleague/photos/players/110x140/p49262.png
113,Ferdi Kadıoğlu,BRE,DF,https://resources.premierleague.com/premierleague/photos/players/110x140/p231416.png
114,Olivier Boscagli,BRE,DF,https://resources.premierleague.com/premierleague/photos/players/110x140/p204120.png
115,Maxim De Cuyper,BRE,DF,https://resources.premierleague.com/premierleague/photos/players/110x140/p465730.png
116,Lewis Dunk,BRE,DF,https://resources.premierleague.com/premierleague/photos/players/110x140/p83299.png
117,Diego Coppola,BRE,DF,https://resources.premierleague.com/premierleague/photos/players/110x140/p550090.png
118,Igor Julio dos Santos de Paulo,BRE,DF,https://resources.premierleague.com/premierleague/photos/players/110x140/p223434.png
119,João Pedro Loureiro da Costa,BRE,DF,https://resources.premierleague.com/premierleague/photos/players/110x140/p451490.png
120,Michael Svoboda,BRE,DF,https://resources.premierleague.com/premierleague/photos/players/110x140/p454490.png
121,Mitoma Kaoru,BRE,MF,https://resources.premierleague.com/premierleague/photos/players/110x140/p451340.png
122,Yankuba Minteh,BRE,MF,https://resources.premierleague.com/premierleague/photos/players/110x140/p592031.png
123,Jack Hinshelwood,BRE,MF,https://resources.premierleague.com/premierleague/photos/players/110x140/p532529.png
124,Pascal Groß,BRE,MF,https://resources.premierleague.com/premierleague/photos/players/110x140/p60307.png
125,Georginio Rutter,BRE,FW,https://resources.premierleague.com/premierleague/photos/players/110x140/p463067.png
126,Matt O'Riley,BRE,MF,https://resources.premierleague.com/premierleague/photos/players/110x140/p219249.png
127,Diego Gómez Amarilla,BRE,MF,https://resources.premierleague.com/premierleague/photos/players/110x140/p514254.png
128,Facundo Buonanotte,BRE,MF,https://resources.premierleague.com/premierleague/photos/players/110x140/p536916.png
129,Yasin Ayari,BRE,MF,https://resources.premierleague.com/premierleague/photos/players/110x140/p509416.png
130,Mats Wieffer,BRE,DF,https://resources.premierleague.com/premierleague/photos/players/110x140/p467779.png
132,Harry Howell,BRE,MF,https://resources.premierleague.com/premierleague/photos/players/110x140/p597320.png
133,Tom Watson,BRE,MF,https://resources.premierleague.com/premierleague/photos/players/110x140/p549074.png
134,Nehemiah Oriola,BRE,MF,https://resources.premierleague.com/premierleague/photos/players/110x140/p556637.png
135,Zadok Yohanna,BRE,MF,https://resources.premierleague.com/premierleague/photos/players/110x140/p700308.png
137,Stefanos Tzimas,BRE,FW,https://resources.premierleague.com/premierleague/photos/players/110x140/p608181.png
138,Charalampos Kostoulas,BRE,FW,https://resources.premierleague.com/premierleague/photos/players/110x140/p647850.png
139,Evan Ferguson,BRE,FW,https://resources.premierleague.com/premierleague/photos/players/110x140/p487117.png
328,Pascal Struijk,BRE,DF,https://resources.premierleague.com/premierleague/photos/players/110x140/p222694.png
504,Luka Vušković,BRE,DF,https://resources.premierleague.com/premierleague/photos/players/110x140/p610799.png
594,Promise David,BRE,FW,https://resources.premierleague.com/premierleague/photos/players/110x140/p538007.png
600,Ibrahim Osman,BRE,MF,https://resources.premierleague.com/premierleague/photos/players/110x140/p612855.png
605,Malick Yalcouyé,BRE,MF,https://resources.premierleague.com/premierleague/photos/players/110x140/p611695.png
614,Jaouen Hadjam,BRE,DF,https://resources.premierleague.com/premierleague/photos/players/110x140/p512123.png
624,Amario Cozier-Duberry,BRE,MF,https://resources.premierleague.com/premierleague/photos/players/110x140/p519324.png
639,José María Andrés Baixauli,BRE,MF,https://resources.premierleague.com/premierleague/photos/players/110x140/p592984.png
652,Femi Azeez,BRE,MF,https://resources.premierleague.com/premierleague/photos/players/110x140/p471551.png
658,Younes Ibrahim,BRE,MF,https://resources.premierleague.com/premierleague/photos/players/110x140/p661016.png
28,Emiliano Martínez Romero,CHE,GK,https://resources.premierleague.com/premierleague/photos/players/110x140/p98980.png
40,Morgan Rogers,CHE,MF,https://resources.premierleague.com/premierleague/photos/players/110x140/p244850.png
101,Jordan Henderson,CHE,MF,https://resources.premierleague.com/premierleague/photos/players/110x140/p56979.png
136,Danny Welbeck,CHE,FW,https://resources.premierleague.com/premierleague/photos/players/110x140/p50175.png
140,Robert Lynch Sánchez,CHE,GK,https://resources.premierleague.com/premierleague/photos/players/110x140/p215059.png
141,Filip Jörgensen,CHE,GK,https://resources.premierleague.com/premierleague/photos/players/110x140/p508479.png
142,Reece James,CHE,DF,https://resources.premierleague.com/premierleague/photos/players/110x140/p225796.png
143,Trevoh Chalobah,CHE,DF,https://resources.premierleague.com/premierleague/photos/players/110x140/p180736.png
144,Malo Gusto,CHE,DF,https://resources.premierleague.com/premierleague/photos/players/110x140/p482609.png
145,Wesley Fofana,CHE,DF,https://resources.premierleague.com/premierleague/photos/players/110x140/p444463.png
146,Benoît Badiashile Mukinayi,CHE,DF,https://resources.premierleague.com/premierleague/photos/players/110x140/p242880.png
148,Jorrel Hato,CHE,DF,https://resources.premierleague.com/premierleague/photos/players/110x140/p551210.png
149,Levi Samuels Colwill,CHE,DF,https://resources.premierleague.com/premierleague/photos/players/110x140/p460028.png
150,Mamadou Sarr,CHE,DF,https://resources.premierleague.com/premierleague/photos/players/110x140/p574458.png
151,Josh Acheampong,CHE,DF,https://resources.premierleague.com/premierleague/photos/players/110x140/p577016.png
152,Marco Palestra,CHE,DF,https://resources.premierleague.com/premierleague/photos/players/110x140/p620109.png
154,Cole Palmer,CHE,MF,https://resources.premierleague.com/premierleague/photos/players/110x140/p244851.png
156,Pedro Lomba Neto,CHE,MF,https://resources.premierleague.com/premierleague/photos/players/110x140/p247632.png
157,Estêvão Almeida de Oliveira Gonçalves,CHE,MF,https://resources.premierleague.com/premierleague/photos/players/110x140/p624773.png
158,Jamie Bynoe-Gittens,CHE,MF,https://resources.premierleague.com/premierleague/photos/players/110x140/p463936.png
159,Moisés Caicedo Corozo,CHE,MF,https://resources.premierleague.com/premierleague/photos/players/110x140/p486672.png
161,Roméo Lavia,CHE,MF,https://resources.premierleague.com/premierleague/photos/players/110x140/p514356.png
163,Dário Luís Essugo,CHE,MF,https://resources.premierleague.com/premierleague/photos/players/110x140/p491007.png
164,Geovany Quenda,CHE,MF,https://resources.premierleague.com/premierleague/photos/players/110x140/p593117.png
165,João Pedro Junqueira de Jesus,CHE,FW,https://resources.premierleague.com/premierleague/photos/players/110x140/p475168.png
168,Marc Guiu Paz,CHE,FW,https://resources.premierleague.com/premierleague/photos/players/110x140/p499309.png
169,Shumaira Mheuka,CHE,FW,https://resources.premierleague.com/premierleague/photos/players/110x140/p567119.png
170,Emmanuel Emegha,CHE,FW,https://resources.premierleague.com/premierleague/photos/players/110x140/p503037.png
200,Maxence Lacroix,CHE,DF,https://resources.premierleague.com/premierleague/photos/players/110x140/p437499.png
560,Mike Penders,CHE,GK,https://resources.premierleague.com/premierleague/photos/players/110x140/p549939.png
561,Aaron Anselmino,CHE,DF,https://resources.premierleague.com/premierleague/photos/players/110x140/p622758.png
568,Valentín Barco,CHE,MF,https://resources.premierleague.com/premierleague/photos/players/110x140/p543158.png
583,Pep Chavarría,CHE,DF,https://resources.premierleague.com/premierleague/photos/players/110x140/p498444.png
662,Mahdi Nicoll-Jazuli,CHE,MF,https://resources.premierleague.com/premierleague/photos/players/110x140/p636846.png
91,Ethan Pinnock,COV,DF,https://resources.premierleague.com/premierleague/photos/players/110x140/p231065.png
104,Frank Onyeka,COV,MF,https://resources.premierleague.com/premierleague/photos/players/110x140/p428580.png
110,Carl Rushworth,COV,GK,https://resources.premierleague.com/premierleague/photos/players/110x140/p472739.png
171,Oliver Dovin,COV,GK,https://resources.premierleague.com/premierleague/photos/players/110x140/p484389.png
172,Ben Wilson,COV,GK,https://resources.premierleague.com/premierleague/photos/players/110x140/p110690.png
173,Bobby Thomas,COV,DF,https://resources.premierleague.com/premierleague/photos/players/110x140/p461102.png
174,Liam Kitching,COV,DF,https://resources.premierleague.com/premierleague/photos/players/110x140/p436761.png
175,Milan van Ewijk,COV,DF,https://resources.premierleague.com/premierleague/photos/players/110x140/p451284.png
176,Jay Dasilva,COV,DF,https://resources.premierleague.com/premierleague/photos/players/110x140/p173878.png
177,Kaine Kesler-Hayden,COV,DF,https://resources.premierleague.com/premierleague/photos/players/110x140/p465390.png
178,Jake Bidwell,COV,DF,https://resources.premierleague.com/premierleague/photos/players/110x140/p80178.png
179,Joel Latibeaudiere,COV,DF,https://resources.premierleague.com/premierleague/photos/players/110x140/p204813.png
180,Luke Woolfenden,COV,DF,https://resources.premierleague.com/premierleague/photos/players/110x140/p220583.png
181,Miguel Brau,COV,DF,https://resources.premierleague.com/premierleague/photos/players/110x140/p577411.png
182,Aurèle Amenda,COV,DF,https://resources.premierleague.com/premierleague/photos/players/110x140/p539142.png
183,Jack Rudoni,COV,MF,https://resources.premierleague.com/premierleague/photos/players/110x140/p480457.png
184,Matt Grimes,COV,MF,https://resources.premierleague.com/premierleague/photos/players/110x140/p168144.png
185,Tatsuhiro Sakamoto,COV,MF,https://resources.premierleague.com/premierleague/photos/players/110x140/p501459.png
186,Ephron Mason-Clark,COV,MF,https://resources.premierleague.com/premierleague/photos/players/110x140/p241293.png
187,Josh Eccles,COV,MF,https://resources.premierleague.com/premierleague/photos/players/110x140/p439668.png
188,Victor Torp,COV,MF,https://resources.premierleague.com/premierleague/photos/players/110x140/p226965.png
189,George Shepherd,COV,MF,https://resources.premierleague.com/premierleague/photos/players/110x140/p684268.png
190,Loum Tchaouna,COV,MF,https://resources.premierleague.com/premierleague/photos/players/110x140/p469272.png
191,Raphael Borges Rodrigues,COV,MF,https://resources.premierleague.com/premierleague/photos/players/110x140/p492498.png
192,Kai Andrews,COV,MF,https://resources.premierleague.com/premierleague/photos/players/110x140/p629397.png
193,Haji Wright,COV,FW,https://resources.premierleague.com/premierleague/photos/players/110x140/p176412.png
194,Brandon Thomas-Asante,COV,FW,https://resources.premierleague.com/premierleague/photos/players/110x140/p230730.png
195,Ellis Simms,COV,FW,https://resources.premierleague.com/premierleague/photos/players/110x140/p218997.png
196,Jahnoah Markelo,COV,FW,https://resources.premierleague.com/premierleague/photos/players/110x140/p551262.png
197,Norman Bassette,COV,FW,https://resources.premierleague.com/premierleague/photos/players/110x140/p549653.png
492,Taiwo Awoniyi,COV,FW,https://resources.premierleague.com/premierleague/photos/players/110x140/p210156.png
575,Caleb Yirenkyi,COV,MF,https://resources.premierleague.com/premierleague/photos/players/110x140/p661888.png
584,Gustavo Hamer,COV,MF,https://resources.premierleague.com/premierleague/photos/players/110x140/p196100.png
599,Sidiki Cherif,COV,FW,https://resources.premierleague.com/premierleague/photos/players/110x140/p627221.png
623,Dan Bentley,COV,GK,https://resources.premierleague.com/premierleague/photos/players/110x140/p79602.png
655,Yann Gboho,COV,MF,https://resources.premierleague.com/premierleague/photos/players/110x140/p242893.png
656,Stephen Mfuni,COV,DF,https://resources.premierleague.com/premierleague/photos/players/110x140/p566213.png
42,Evann Guessand,CRY,MF,https://resources.premierleague.com/premierleague/photos/players/110x140/p485337.png
153,Axel Disasi,CRY,DF,https://resources.premierleague.com/premierleague/photos/players/110x140/p220362.png
198,Dean Henderson,CRY,GK,https://resources.premierleague.com/premierleague/photos/players/110x140/p172649.png
199,Walter Benítez,CRY,GK,https://resources.premierleague.com/premierleague/photos/players/110x140/p121709.png
202,Chris Richards,CRY,DF,https://resources.premierleague.com/premierleague/photos/players/110x140/p427623.png
203,Jaydee Canvot,CRY,DF,https://resources.premierleague.com/premierleague/photos/players/110x140/p651426.png
204,Tyrick Mitchell,CRY,DF,https://resources.premierleague.com/premierleague/photos/players/110x140/p244723.png
205,Borna Sosa,CRY,DF,https://resources.premierleague.com/premierleague/photos/players/110x140/p218364.png
206,Chadi Riad Dnanou,CRY,DF,https://resources.premierleague.com/premierleague/photos/players/110x140/p515621.png
207,Oscar Mingueza,CRY,DF,https://resources.premierleague.com/premierleague/photos/players/110x140/p242313.png
208,Ismaïla Sarr,CRY,MF,https://resources.premierleague.com/premierleague/photos/players/110x140/p232185.png
210,Adam Wharton,CRY,MF,https://resources.premierleague.com/premierleague/photos/players/110x140/p496221.png
211,Yéremy Pino Santos,CRY,MF,https://resources.premierleague.com/premierleague/photos/players/110x140/p488024.png
212,Will Hughes,CRY,MF,https://resources.premierleague.com/premierleague/photos/players/110x140/p108413.png
213,Jefferson Lerma Solís,CRY,MF,https://resources.premierleague.com/premierleague/photos/players/110x140/p152551.png
214,Daichi Kamada,CRY,MF,https://resources.premierleague.com/premierleague/photos/players/110x140/p209400.png
215,Justin Devenny,CRY,MF,https://resources.premierleague.com/premierleague/photos/players/110x140/p489706.png
216,Romain Esse,CRY,MF,https://resources.premierleague.com/premierleague/photos/players/110x140/p606921.png
217,Matheus França de Oliveira,CRY,MF,https://resources.premierleague.com/premierleague/photos/players/110x140/p536694.png
218,Cheick Doucouré,CRY,MF,https://resources.premierleague.com/premierleague/photos/players/110x140/p438464.png
219,Jesurun Rak-Sakyi,CRY,MF,https://resources.premierleague.com/premierleague/photos/players/110x140/p450542.png
220,Rio Cardines,CRY,DF,https://resources.premierleague.com/premierleague/photos/players/110x140/p590014.png
221,Joél Drakes-Thomas,CRY,MF,https://resources.premierleague.com/premierleague/photos/players/110x140/p672492.png
222,Jørgen Strand Larsen,CRY,FW,https://resources.premierleague.com/premierleague/photos/players/110x140/p247412.png
223,Jean-Philippe Mateta,CRY,FW,https://resources.premierleague.com/premierleague/photos/players/110x140/p231747.png
224,Eddie Nketiah,CRY,FW,https://resources.premierleague.com/premierleague/photos/players/110x140/p205533.png
225,Christantus Uche,CRY,FW,https://resources.premierleague.com/premierleague/photos/players/110x140/p660392.png
241,Dwight McNeil,CRY,MF,https://resources.premierleague.com/premierleague/photos/players/110x140/p433154.png
555,Remi Matthews,CRY,GK,https://resources.premierleague.com/premierleague/photos/players/110x140/p169593.png
577,Takehiro Tomiyasu,CRY,DF,https://resources.premierleague.com/premierleague/photos/players/110x140/p223723.png
588,Anan Khalaili,CRY,DF,https://resources.premierleague.com/premierleague/photos/players/110x140/p570794.png
595,Zavier Gozo,CRY,MF,https://resources.premierleague.com/premierleague/photos/players/110x140/p559152.png
633,Honest Ahanor,CRY,DF,https://resources.premierleague.com/premierleague/photos/players/110x140/p605972.png
643,Ben Chilwell,CRY,DF,https://resources.premierleague.com/premierleague/photos/players/110x140/p172850.png
644,Quinten Timber,CRY,MF,https://resources.premierleague.com/premierleague/photos/players/110x140/p450063.png
647,Darío Osorio,CRY,MF,https://resources.premierleague.com/premierleague/photos/players/110x140/p533646.png
21,Christian Nørgaard,EVE,MF,https://resources.premierleague.com/premierleague/photos/players/110x140/p128295.png
209,Brennan Johnson,EVE,MF,https://resources.premierleague.com/premierleague/photos/players/110x140/p242898.png
226,Jordan Pickford,EVE,GK,https://resources.premierleague.com/premierleague/photos/players/110x140/p111234.png
227,Mark Travers,EVE,GK,https://resources.premierleague.com/premierleague/photos/players/110x140/p229600.png
228,Tom King,EVE,GK,https://resources.premierleague.com/premierleague/photos/players/110x140/p138001.png
229,James Tarkowski,EVE,DF,https://resources.premierleague.com/premierleague/photos/players/110x140/p17761.png
230,Jarrad Branthwaite,EVE,DF,https://resources.premierleague.com/premierleague/photos/players/110x140/p480455.png
231,Michael Keane,EVE,DF,https://resources.premierleague.com/premierleague/photos/players/110x140/p106611.png
232,Jake O'Brien,EVE,DF,https://resources.premierleague.com/premierleague/photos/players/110x140/p512462.png
233,Vitalii Mykolenko,EVE,DF,https://resources.premierleague.com/premierleague/photos/players/110x140/p224967.png
234,Nathan Patterson,EVE,DF,https://resources.premierleague.com/premierleague/photos/players/110x140/p243571.png
235,Adam Aznou,EVE,DF,https://resources.premierleague.com/premierleague/photos/players/110x140/p499300.png
236,Kiernan Dewsbury-Hall,EVE,MF,https://resources.premierleague.com/premierleague/photos/players/110x140/p215413.png
238,Jack Grealish,EVE,MF,https://resources.premierleague.com/premierleague/photos/players/110x140/p114283.png
239,James Garner,EVE,MF,https://resources.premierleague.com/premierleague/photos/players/110x140/p232928.png
242,Tyrique George,EVE,MF,https://resources.premierleague.com/premierleague/photos/players/110x140/p550615.png
243,Carlos Alcaraz Durán,EVE,MF,https://resources.premierleague.com/premierleague/photos/players/110x140/p502697.png
244,Harrison Armstrong,EVE,MF,https://resources.premierleague.com/premierleague/photos/players/110x140/p609873.png
245,Tyler Dibling,EVE,MF,https://resources.premierleague.com/premierleague/photos/players/110x140/p496661.png
246,Merlin Röhl,EVE,MF,https://resources.premierleague.com/premierleague/photos/players/110x140/p513466.png
247,Hayden Hackney,EVE,MF,https://resources.premierleague.com/premierleague/photos/players/110x140/p244860.png
248,Norberto Bercique Gomes Betuncal,EVE,FW,https://resources.premierleague.com/premierleague/photos/players/110x140/p486385.png
249,Thierno Barry,EVE,FW,https://resources.premierleague.com/premierleague/photos/players/110x140/p586309.png
649,Ainsley Maitland-Niles,EVE,DF,https://resources.premierleague.com/premierleague/photos/players/110x140/p154043.png
654,Braiden Graham,EVE,MF,https://resources.premierleague.com/premierleague/photos/players/110x140/p629068.png
250,Bernd Leno,FUL,GK,https://resources.premierleague.com/premierleague/photos/players/110x140/p80201.png
251,Benjamin Lecomte,FUL,GK,https://resources.premierleague.com/premierleague/photos/players/110x140/p86873.png
252,Alfie McNally,FUL,GK,https://resources.premierleague.com/premierleague/photos/players/110x140/p505079.png
253,Joachim Andersen,FUL,DF,https://resources.premierleague.com/premierleague/photos/players/110x140/p174874.png
254,Antonee Robinson,FUL,DF,https://resources.premierleague.com/premierleague/photos/players/110x140/p169528.png
255,Jorge Cuenca Barreno,FUL,DF,https://resources.premierleague.com/premierleague/photos/players/110x140/p246301.png
256,Kenny Tete,FUL,DF,https://resources.premierleague.com/premierleague/photos/players/110x140/p167074.png
257,Calvin Bassey,FUL,DF,https://resources.premierleague.com/premierleague/photos/players/110x140/p232892.png
258,Timothy Castagne,FUL,DF,https://resources.premierleague.com/premierleague/photos/players/110x140/p166477.png
261,Alex Iwobi,FUL,MF,https://resources.premierleague.com/premierleague/photos/players/110x140/p153133.png
262,Emile Smith Rowe,FUL,MF,https://resources.premierleague.com/premierleague/photos/players/110x140/p209289.png
263,Kevin Santos Lopes de Macedo,FUL,MF,https://resources.premierleague.com/premierleague/photos/players/110x140/p560552.png
264,Oscar Bobb,FUL,MF,https://resources.premierleague.com/premierleague/photos/players/110x140/p477555.png
265,Sander Berge,FUL,MF,https://resources.premierleague.com/premierleague/photos/players/110x140/p207189.png
266,Tom Cairney,FUL,MF,https://resources.premierleague.com/premierleague/photos/players/110x140/p76357.png
268,Josh King,FUL,MF,https://resources.premierleague.com/premierleague/photos/players/110x140/p577725.png
269,Ryan Sessegnon,FUL,DF,https://resources.premierleague.com/premierleague/photos/players/110x140/p184349.png
270,Harrison Reed,FUL,MF,https://resources.premierleague.com/premierleague/photos/players/110x140/p153366.png
271,Rodrigo Muniz Carvalho,FUL,FW,https://resources.premierleague.com/premierleague/photos/players/110x140/p244042.png
272,Jonah Kusi-Asare,FUL,FW,https://resources.premierleague.com/premierleague/photos/players/110x140/p631786.png
569,Gonzalo García,FUL,FW,https://resources.premierleague.com/premierleague/photos/players/110x140/p551466.png
570,César Palacios,FUL,MF,https://resources.premierleague.com/premierleague/photos/players/110x140/p571779.png
580,Shea Charles,FUL,MF,https://resources.premierleague.com/premierleague/photos/players/110x140/p463210.png
610,Luc De Fougerolles,FUL,DF,https://resources.premierleague.com/premierleague/photos/players/110x140/p547686.png
626,Macaulay Zepa,FUL,MF,https://resources.premierleague.com/premierleague/photos/players/110x140/p616069.png
635,Hugo Larsson,FUL,MF,https://resources.premierleague.com/premierleague/photos/players/110x140/p551050.png
636,Manuel Ángel Morán Ibáñez,FUL,MF,https://resources.premierleague.com/premierleague/photos/players/110x140/p500033.png
650,David Affengruber,FUL,DF,https://resources.premierleague.com/premierleague/photos/players/110x140/p442299.png
240,Tim Iroegbunam,HUL,MF,https://resources.premierleague.com/premierleague/photos/players/110x140/p490094.png
273,Dillon Phillips,HUL,GK,https://resources.premierleague.com/premierleague/photos/players/110x140/p167825.png
274,Jack Butland,HUL,GK,https://resources.premierleague.com/premierleague/photos/players/110x140/p105666.png
275,Harvey Cartwright,HUL,GK,https://resources.premierleague.com/premierleague/photos/players/110x140/p494950.png
276,Thimothée Lo-Tutala,HUL,GK,https://resources.premierleague.com/premierleague/photos/players/110x140/p444307.png
277,John Egan,HUL,DF,https://resources.premierleague.com/premierleague/photos/players/110x140/p108416.png
278,Charlie Hughes,HUL,DF,https://resources.premierleague.com/premierleague/photos/players/110x140/p501902.png
279,Semi Ajayi,HUL,DF,https://resources.premierleague.com/premierleague/photos/players/110x140/p146426.png
280,Lewie Coyle,HUL,DF,https://resources.premierleague.com/premierleague/photos/players/110x140/p193278.png
281,Cody Drameh,HUL,DF,https://resources.premierleague.com/premierleague/photos/players/110x140/p433590.png
282,Ryan Giles,HUL,DF,https://resources.premierleague.com/premierleague/photos/players/110x140/p232351.png
283,Matty Jacob,HUL,DF,https://resources.premierleague.com/premierleague/photos/players/110x140/p449428.png
284,Cathal McCarthy,HUL,DF,https://resources.premierleague.com/premierleague/photos/players/110x140/p661800.png
285,Paddy McNair,HUL,DF,https://resources.premierleague.com/premierleague/photos/players/110x140/p160817.png
286,Mohamed Belloumi,HUL,MF,https://resources.premierleague.com/premierleague/photos/players/110x140/p540324.png
287,Liam Millar,HUL,MF,https://resources.premierleague.com/premierleague/photos/players/110x140/p232905.png
288,Kieran Dowell,HUL,MF,https://resources.premierleague.com/premierleague/photos/players/110x140/p171270.png
289,Matt Crooks,HUL,MF,https://resources.premierleague.com/premierleague/photos/players/110x140/p101282.png
290,Regan Slater,HUL,MF,https://resources.premierleague.com/premierleague/photos/players/110x140/p243413.png
291,Eliot Matazo,HUL,MF,https://resources.premierleague.com/premierleague/photos/players/110x140/p465525.png
292,Abdülkadir Ömür,HUL,MF,https://resources.premierleague.com/premierleague/photos/players/110x140/p208481.png
293,Abu Kamara,HUL,MF,https://resources.premierleague.com/premierleague/photos/players/110x140/p490161.png
294,Óscar Zambrano,HUL,MF,https://resources.premierleague.com/premierleague/photos/players/110x140/p553783.png
295,Oli McBurnie,HUL,FW,https://resources.premierleague.com/premierleague/photos/players/110x140/p169432.png
296,David Akintola,HUL,MF,https://resources.premierleague.com/premierleague/photos/players/110x140/p213292.png
297,Darko Gyabi,HUL,MF,https://resources.premierleague.com/premierleague/photos/players/110x140/p470294.png
298,Enis Destan,HUL,FW,https://resources.premierleague.com/premierleague/photos/players/110x140/p500957.png
299,Mason Burstow,HUL,FW,https://resources.premierleague.com/premierleague/photos/players/110x140/p534392.png
340,Joe Gelhardt,HUL,MF,https://resources.premierleague.com/premierleague/photos/players/110x140/p462635.png
556,Matt Targett,HUL,DF,https://resources.premierleague.com/premierleague/photos/players/110x140/p169359.png
563,Hidemasa Morita,HUL,MF,https://resources.premierleague.com/premierleague/photos/players/110x140/p445028.png
572,Konstantinos Tzolakis,HUL,GK,https://resources.premierleague.com/premierleague/photos/players/110x140/p473284.png
574,Jens Hjertø-Dahl,HUL,MF,https://resources.premierleague.com/premierleague/photos/players/110x140/p552946.png
576,Elliot Stroud,HUL,MF,https://resources.premierleague.com/premierleague/photos/players/110x140/p608227.png
585,Lucas Herrington,HUL,DF,https://resources.premierleague.com/premierleague/photos/players/110x140/p597462.png
586,Nobel Mendy,HUL,DF,https://resources.premierleague.com/premierleague/photos/players/110x140/p606930.png
589,Lucas Gourna-Douath,HUL,MF,https://resources.premierleague.com/premierleague/photos/players/110x140/p469266.png
617,Mohamed-Ali Cho,HUL,MF,https://resources.premierleague.com/premierleague/photos/players/110x140/p490884.png
632,Ilyas Ansah,HUL,FW,https://resources.premierleague.com/premierleague/photos/players/110x140/p626751.png
637,Robinio Vaz,HUL,FW,https://resources.premierleague.com/premierleague/photos/players/110x140/p631000.png
638,Brooke Norton-Cuffy,HUL,DF,https://resources.premierleague.com/premierleague/photos/players/110x140/p496181.png
642,Sorba Thomas,HUL,MF,https://resources.premierleague.com/premierleague/photos/players/110x140/p243951.png
645,Christos Mouzakitis,HUL,MF,https://resources.premierleague.com/premierleague/photos/players/110x140/p647839.png
259,Issa Diop,IPS,DF,https://resources.premierleague.com/premierleague/photos/players/110x140/p219924.png
267,Saša Lukić,IPS,MF,https://resources.premierleague.com/premierleague/photos/players/110x140/p212314.png
300,Christian Walton,IPS,GK,https://resources.premierleague.com/premierleague/photos/players/110x140/p108813.png
301,Alex Palmer,IPS,GK,https://resources.premierleague.com/premierleague/photos/players/110x140/p112520.png
302,David Button,IPS,GK,https://resources.premierleague.com/premierleague/photos/players/110x140/p50093.png
303,Cédric Kipré,IPS,DF,https://resources.premierleague.com/premierleague/photos/players/110x140/p183015.png
304,Dara O'Shea,IPS,DF,https://resources.premierleague.com/premierleague/photos/players/110x140/p216616.png
305,Leif Davis,IPS,DF,https://resources.premierleague.com/premierleague/photos/players/110x140/p455084.png
306,Jacob Greaves,IPS,DF,https://resources.premierleague.com/premierleague/photos/players/110x140/p449429.png
307,Ben Johnson,IPS,DF,https://resources.premierleague.com/premierleague/photos/players/110x140/p222018.png
308,Darnell Furlong,IPS,DF,https://resources.premierleague.com/premierleague/photos/players/110x140/p176420.png
309,Marcelino Núñez,IPS,MF,https://resources.premierleague.com/premierleague/photos/players/110x140/p501390.png
310,Azor Matusiwa,IPS,MF,https://resources.premierleague.com/premierleague/photos/players/110x140/p241117.png
311,Wes Burns,IPS,MF,https://resources.premierleague.com/premierleague/photos/players/110x140/p149929.png
312,Jack Taylor,IPS,MF,https://resources.premierleague.com/premierleague/photos/players/110x140/p231899.png
313,Jack Clarke,IPS,MF,https://resources.premierleague.com/premierleague/photos/players/110x140/p443261.png
314,Chiedozie Ogbene,IPS,MF,https://resources.premierleague.com/premierleague/photos/players/110x140/p229164.png
315,Abdul Fatawu,IPS,MF,https://resources.premierleague.com/premierleague/photos/players/110x140/p531442.png
316,Emersonn Correia da Silva,IPS,FW,https://resources.premierleague.com/premierleague/photos/players/110x140/p543968.png
317,George Hirst,IPS,FW,https://resources.premierleague.com/premierleague/photos/players/110x140/p222625.png
318,Jaden Philogene,IPS,MF,https://resources.premierleague.com/premierleague/photos/players/110x140/p481624.png
319,Sam Szmodics,IPS,MF,https://resources.premierleague.com/premierleague/photos/players/110x140/p172453.png
320,Chuba Akpom,IPS,FW,https://resources.premierleague.com/premierleague/photos/players/110x140/p147675.png
321,Sindre Walle Egeli,IPS,FW,https://resources.premierleague.com/premierleague/photos/players/110x140/p557012.png
322,Ali Al-Hamadi,IPS,FW,https://resources.premierleague.com/premierleague/photos/players/110x140/p462387.png
323,Kasey McAteer,IPS,MF,https://resources.premierleague.com/premierleague/photos/players/110x140/p461587.png
324,Anis Mehmeti,IPS,MF,https://resources.premierleague.com/premierleague/photos/players/110x140/p232457.png
554,Kayne van Oevelen,IPS,GK,https://resources.premierleague.com/premierleague/photos/players/110x140/p546600.png
562,Daizen Maeda,IPS,MF,https://resources.premierleague.com/premierleague/photos/players/110x140/p442967.png
564,Kjell Scherpen,IPS,GK,https://resources.premierleague.com/premierleague/photos/players/110x140/p240514.png
571,Florentino Ibrain Morris Luís,IPS,MF,https://resources.premierleague.com/premierleague/photos/players/110x140/p216055.png
591,Julio Enciso,IPS,MF,https://resources.premierleague.com/premierleague/photos/players/110x140/p474120.png
592,Abdoul Ouattara,IPS,DF,https://resources.premierleague.com/premierleague/photos/players/110x140/p572584.png
602,Cameron Humphreys,IPS,MF,https://resources.premierleague.com/premierleague/photos/players/110x140/p524180.png
619,Exequiel Palacios,IPS,MF,https://resources.premierleague.com/premierleague/photos/players/110x140/p218543.png
640,Zian Flemming,IPS,FW,https://resources.premierleague.com/premierleague/photos/players/110x140/p431639.png
260,Harry Wilson,LEE,MF,https://resources.premierleague.com/premierleague/photos/players/110x140/p153682.png
326,Lucas Estella Perri,LEE,GK,https://resources.premierleague.com/premierleague/photos/players/110x140/p201595.png
327,Jaka Bijol,LEE,DF,https://resources.premierleague.com/premierleague/photos/players/110x140/p434752.png
329,Joe Rodon,LEE,DF,https://resources.premierleague.com/premierleague/photos/players/110x140/p214225.png
330,Jayden Bogle,LEE,DF,https://resources.premierleague.com/premierleague/photos/players/110x140/p226182.png
331,Gabriel Gudmundsson,LEE,DF,https://resources.premierleague.com/premierleague/photos/players/110x140/p243526.png
332,James Justin,LEE,DF,https://resources.premierleague.com/premierleague/photos/players/110x140/p220627.png
333,Sebastiaan Bornauw,LEE,DF,https://resources.premierleague.com/premierleague/photos/players/110x140/p437738.png
334,Tarik Muharemović,LEE,DF,https://resources.premierleague.com/premierleague/photos/players/110x140/p522047.png
335,Anton Stach,LEE,MF,https://resources.premierleague.com/premierleague/photos/players/110x140/p466525.png
336,Noah Okafor,LEE,MF,https://resources.premierleague.com/premierleague/photos/players/110x140/p435997.png
337,Brenden Aaronson,LEE,MF,https://resources.premierleague.com/premierleague/photos/players/110x140/p427637.png
338,Ethan Ampadu,LEE,MF,https://resources.premierleague.com/premierleague/photos/players/110x140/p199598.png
339,Sean Longstaff,LEE,MF,https://resources.premierleague.com/premierleague/photos/players/110x140/p180135.png
341,Wilfried Gnonto,LEE,MF,https://resources.premierleague.com/premierleague/photos/players/110x140/p492859.png
342,Jack Harrison,LEE,MF,https://resources.premierleague.com/premierleague/photos/players/110x140/p221399.png
343,Daniel James,LEE,MF,https://resources.premierleague.com/premierleague/photos/players/110x140/p200617.png
344,Ilia Gruev,LEE,MF,https://resources.premierleague.com/premierleague/photos/players/110x140/p486520.png
345,Tanaka Ao,LEE,MF,https://resources.premierleague.com/premierleague/photos/players/110x140/p248056.png
346,Dominic Calvert-Lewin,LEE,FW,https://resources.premierleague.com/premierleague/photos/players/110x140/p177815.png
347,Lukas Nmecha,LEE,FW,https://resources.premierleague.com/premierleague/photos/players/110x140/p174594.png
348,Joël Piroe,LEE,FW,https://resources.premierleague.com/premierleague/photos/players/110x140/p235826.png
349,Mateo Joseph Fernández-Regatillo,LEE,FW,https://resources.premierleague.com/premierleague/photos/players/110x140/p565297.png
385,James Trafford,LEE,GK,https://resources.premierleague.com/premierleague/photos/players/110x140/p432720.png
598,Nico Elvedi,LEE,DF,https://resources.premierleague.com/premierleague/photos/players/110x140/p173774.png
603,Jayden Lienou,LEE,DF,https://resources.premierleague.com/premierleague/photos/players/110x140/p643970.png
604,Alfie Cresswell,LEE,MF,https://resources.premierleague.com/premierleague/photos/players/110x140/p592740.png
625,Alex Cairns,LEE,GK,https://resources.premierleague.com/premierleague/photos/players/110x140/p97846.png
629,Michael Zetterer,LEE,GK,https://resources.premierleague.com/premierleague/photos/players/110x140/p155465.png
641,Melvin Bard,LEE,DF,https://resources.premierleague.com/premierleague/photos/players/110x140/p437497.png
648,Jean-Mattéo Bahoya,LEE,MF,https://resources.premierleague.com/premierleague/photos/players/110x140/p587982.png
350,Alisson Becker,LIV,GK,https://resources.premierleague.com/premierleague/photos/players/110x140/p116535.png
351,Giorgi Mamardashvili,LIV,GK,https://resources.premierleague.com/premierleague/photos/players/110x140/p449027.png
352,Freddie Woodman,LIV,GK,https://resources.premierleague.com/premierleague/photos/players/110x140/p155503.png
353,Armin Pecsi,LIV,GK,https://resources.premierleague.com/premierleague/photos/players/110x140/p586268.png
354,Vitezslav Jaros,LIV,GK,https://resources.premierleague.com/premierleague/photos/players/110x140/p432987.png
355,Harvey Davies,LIV,GK,https://resources.premierleague.com/premierleague/photos/players/110x140/p464353.png
356,Virgil van Dijk,LIV,DF,https://resources.premierleague.com/premierleague/photos/players/110x140/p97032.png
357,Jeremie Frimpong,LIV,DF,https://resources.premierleague.com/premierleague/photos/players/110x140/p216094.png
358,Milos Kerkez,LIV,DF,https://resources.premierleague.com/premierleague/photos/players/110x140/p544877.png
359,Joe Gomez,LIV,DF,https://resources.premierleague.com/premierleague/photos/players/110x140/p171287.png
360,Conor Bradley,LIV,DF,https://resources.premierleague.com/premierleague/photos/players/110x140/p492777.png
361,Wellity Lucky,LIV,DF,https://resources.premierleague.com/premierleague/photos/players/110x140/p519440.png
362,Jeremy Jacquet,LIV,DF,https://resources.premierleague.com/premierleague/photos/players/110x140/p606702.png
363,Giovanni Leoni,LIV,DF,https://resources.premierleague.com/premierleague/photos/players/110x140/p647681.png
364,Kostas Tsimikas,LIV,DF,https://resources.premierleague.com/premierleague/photos/players/110x140/p214285.png
365,Calvin Ramsay,LIV,DF,https://resources.premierleague.com/premierleague/photos/players/110x140/p489580.png
366,Florian Wirtz,LIV,MF,https://resources.premierleague.com/premierleague/photos/players/110x140/p494595.png
367,Cody Gakpo,LIV,MF,https://resources.premierleague.com/premierleague/photos/players/110x140/p243298.png
368,Dominik Szoboszlai,LIV,MF,https://resources.premierleague.com/premierleague/photos/players/110x140/p424876.png
369,Rio Ngumoha,LIV,MF,https://resources.premierleague.com/premierleague/photos/players/110x140/p611922.png
370,Federico Chiesa,LIV,MF,https://resources.premierleague.com/premierleague/photos/players/110x140/p223541.png
371,Ryan Gravenberch,LIV,MF,https://resources.premierleague.com/premierleague/photos/players/110x140/p441266.png
372,Alexis Mac Allister,LIV,MF,https://resources.premierleague.com/premierleague/photos/players/110x140/p243016.png
373,Curtis Jones,LIV,MF,https://resources.premierleague.com/premierleague/photos/players/110x140/p206915.png
374,Endo Wataru,LIV,MF,https://resources.premierleague.com/premierleague/photos/players/110x140/p158983.png
375,Trey Nyoni,LIV,MF,https://resources.premierleague.com/premierleague/photos/players/110x140/p591386.png
376,Stefan Bajčetić Maquieira,LIV,MF,https://resources.premierleague.com/premierleague/photos/players/110x140/p535928.png
377,Victor Munoz,LIV,MF,https://resources.premierleague.com/premierleague/photos/players/110x140/p551499.png
378,James McConnell,LIV,MF,https://resources.premierleague.com/premierleague/photos/players/110x140/p491501.png
379,Alexander Isak,LIV,FW,https://resources.premierleague.com/premierleague/photos/players/110x140/p219168.png
380,Hugo Ekitiké,LIV,FW,https://resources.premierleague.com/premierleague/photos/players/110x140/p510663.png
381,Lewis Koumas,LIV,MF,https://resources.premierleague.com/premierleague/photos/players/110x140/p514514.png
382,Jayden Danns,LIV,FW,https://resources.premierleague.com/premierleague/photos/players/110x140/p500058.png
383,Harvey Elliott,LIV,MF,https://resources.premierleague.com/premierleague/photos/players/110x140/p444884.png
579,Ronald Araujo,LIV,DF,https://resources.premierleague.com/premierleague/photos/players/110x140/p445087.png
627,Bradley Barcola,LIV,MF,https://resources.premierleague.com/premierleague/photos/players/110x140/p482616.png
155,Enzo Fernández,MCI,MF,https://resources.premierleague.com/premierleague/photos/players/110x140/p448047.png
237,Iliman Ndiaye,MCI,MF,https://resources.premierleague.com/premierleague/photos/players/110x140/p440993.png
384,Gianluigi Donnarumma,MCI,GK,https://resources.premierleague.com/premierleague/photos/players/110x140/p204936.png
386,Marcus Bettinelli,MCI,GK,https://resources.premierleague.com/premierleague/photos/players/110x140/p122074.png
387,Nico O'Reilly,MCI,DF,https://resources.premierleague.com/premierleague/photos/players/110x140/p472769.png
388,Marc Guéhi,MCI,DF,https://resources.premierleague.com/premierleague/photos/players/110x140/p209036.png
389,Matheus Nunes,MCI,DF,https://resources.premierleague.com/premierleague/photos/players/110x140/p465351.png
390,Rúben dos Santos Gato Alves Dias,MCI,DF,https://resources.premierleague.com/premierleague/photos/players/110x140/p171314.png
391,Joško Gvardiol,MCI,DF,https://resources.premierleague.com/premierleague/photos/players/110x140/p477424.png
392,Rayan Aït-Nouri,MCI,DF,https://resources.premierleague.com/premierleague/photos/players/110x140/p448514.png
393,Abdukodir Khusanov,MCI,DF,https://resources.premierleague.com/premierleague/photos/players/110x140/p578153.png
394,Max Alleyne,MCI,DF,https://resources.premierleague.com/premierleague/photos/players/110x140/p494307.png
395,Rico Lewis,MCI,DF,https://resources.premierleague.com/premierleague/photos/players/110x140/p477064.png
396,Vitor de Oliveira Nunes dos Reis,MCI,DF,https://resources.premierleague.com/premierleague/photos/players/110x140/p616222.png
397,Antoine Semenyo,MCI,MF,https://resources.premierleague.com/premierleague/photos/players/110x140/p437730.png
398,Phil Foden,MCI,MF,https://resources.premierleague.com/premierleague/photos/players/110x140/p209244.png
399,Rayan Cherki,MCI,MF,https://resources.premierleague.com/premierleague/photos/players/110x140/p466052.png
400,Jérémy Doku,MCI,MF,https://resources.premierleague.com/premierleague/photos/players/110x140/p248875.png
402,Rodrigo 'Rodri' Hernandez Cascante,MCI,MF,https://resources.premierleague.com/premierleague/photos/players/110x140/p220566.png
404,Tijjani Reijnders,MCI,MF,https://resources.premierleague.com/premierleague/photos/players/110x140/p433036.png
406,Mateo Kovačić,MCI,MF,https://resources.premierleague.com/premierleague/photos/players/110x140/p91651.png
407,Claudio Echeverri,MCI,MF,https://resources.premierleague.com/premierleague/photos/players/110x140/p575204.png
408,Kalvin Phillips,MCI,MF,https://resources.premierleague.com/premierleague/photos/players/110x140/p155405.png
409,Divine Mukasa,MCI,MF,https://resources.premierleague.com/premierleague/photos/players/110x140/p590039.png
410,Jeremy Monga,MCI,MF,https://resources.premierleague.com/premierleague/photos/players/110x140/p649208.png
411,Erling Haaland,MCI,FW,https://resources.premierleague.com/premierleague/photos/players/110x140/p223094.png
481,Elliot Anderson,MCI,MF,https://resources.premierleague.com/premierleague/photos/players/110x140/p215379.png
587,Gerónimo Rulli,MCI,GK,https://resources.premierleague.com/premierleague/photos/players/110x140/p106921.png
616,Ayyoub Bouaddi,MCI,MF,https://resources.premierleague.com/premierleague/photos/players/110x140/p637238.png
621,Ryan McAidoo,MCI,MF,https://resources.premierleague.com/premierleague/photos/players/110x140/p616288.png
622,Kaden Braithwaite,MCI,DF,https://resources.premierleague.com/premierleague/photos/players/110x140/p554054.png
628,Allan Andrade Elias,MCI,MF,https://resources.premierleague.com/premierleague/photos/players/110x140/p624777.png
653,Floyd Samba,MCI,MF,https://resources.premierleague.com/premierleague/photos/players/110x140/p595480.png
43,Youri Tielemans,MUN,MF,https://resources.premierleague.com/premierleague/photos/players/110x140/p166989.png
131,Carlos Baleba,MUN,MF,https://resources.premierleague.com/premierleague/photos/players/110x140/p535301.png
162,Andrey Nascimento dos Santos,MUN,MF,https://resources.premierleague.com/premierleague/photos/players/110x140/p532605.png
325,Karl Darlow,MUN,GK,https://resources.premierleague.com/premierleague/photos/players/110x140/p59735.png
412,Senne Lammens,MUN,GK,https://resources.premierleague.com/premierleague/photos/players/110x140/p465247.png
413,Altay Bayındır,MUN,GK,https://resources.premierleague.com/premierleague/photos/players/110x140/p451302.png
414,Tom Heaton,MUN,GK,https://resources.premierleague.com/premierleague/photos/players/110x140/p21205.png
415,Patrick Dorgu,MUN,MF,https://resources.premierleague.com/premierleague/photos/players/110x140/p596777.png
416,Matthijs de Ligt,MUN,DF,https://resources.premierleague.com/premierleague/photos/players/110x140/p209365.png
417,Diogo Dalot Teixeira,MUN,DF,https://resources.premierleague.com/premierleague/photos/players/110x140/p216051.png
418,Harry Maguire,MUN,DF,https://resources.premierleague.com/premierleague/photos/players/110x140/p95658.png
419,Lisandro Martínez,MUN,DF,https://resources.premierleague.com/premierleague/photos/players/110x140/p221820.png
420,Leny Yoro,MUN,DF,https://resources.premierleague.com/premierleague/photos/players/110x140/p550864.png
421,Ayden Heaven,MUN,DF,https://resources.premierleague.com/premierleague/photos/players/110x140/p606745.png
422,Noussair Mazraoui,MUN,DF,https://resources.premierleague.com/premierleague/photos/players/110x140/p230001.png
423,Luke Shaw,MUN,DF,https://resources.premierleague.com/premierleague/photos/players/110x140/p106760.png
424,Harry Amass,MUN,DF,https://resources.premierleague.com/premierleague/photos/players/110x140/p577974.png
425,Tyler Fredricson,MUN,DF,https://resources.premierleague.com/premierleague/photos/players/110x140/p547676.png
426,Bruno Borges Fernandes,MUN,MF,https://resources.premierleague.com/premierleague/photos/players/110x140/p141746.png
427,Bryan Mbeumo,MUN,MF,https://resources.premierleague.com/premierleague/photos/players/110x140/p446008.png
428,Matheus Santos Carneiro da Cunha,MUN,MF,https://resources.premierleague.com/premierleague/photos/players/110x140/p430871.png
429,Marcus Rashford,MUN,MF,https://resources.premierleague.com/premierleague/photos/players/110x140/p176297.png
430,Mason Mount,MUN,MF,https://resources.premierleague.com/premierleague/photos/players/110x140/p184341.png
431,Amad Diallo,MUN,MF,https://resources.premierleague.com/premierleague/photos/players/110x140/p493250.png
432,Kobbie Mainoo,MUN,MF,https://resources.premierleague.com/premierleague/photos/players/110x140/p516895.png
433,Manuel Ugarte Ribeiro,MUN,MF,https://resources.premierleague.com/premierleague/photos/players/110x140/p232112.png
434,Jack Fletcher,MUN,MF,https://resources.premierleague.com/premierleague/photos/players/110x140/p547037.png
435,Shea Lacey,MUN,MF,https://resources.premierleague.com/premierleague/photos/players/110x140/p576628.png
436,Toby Collyer,MUN,MF,https://resources.premierleague.com/premierleague/photos/players/110x140/p490881.png
437,Bendito Mantato,MUN,MF,https://resources.premierleague.com/premierleague/photos/players/110x140/p576620.png
438,Tyler Fletcher,MUN,MF,https://resources.premierleague.com/premierleague/photos/players/110x140/p519913.png
439,Benjamin Sesko,MUN,FW,https://resources.premierleague.com/premierleague/photos/players/110x140/p485711.png
440,Joshua Zirkzee,MUN,FW,https://resources.premierleague.com/premierleague/photos/players/110x140/p458249.png
441,Chido Obi,MUN,FW,https://resources.premierleague.com/premierleague/photos/players/110x140/p596047.png
405,Nico González Iglesias,NEW,MF,https://resources.premierleague.com/premierleague/photos/players/110x140/p465694.png
442,Nick Pope,NEW,GK,https://resources.premierleague.com/premierleague/photos/players/110x140/p98747.png
443,Mark Gillespie,NEW,GK,https://resources.premierleague.com/premierleague/photos/players/110x140/p81441.png
444,Ewen Jaouen,NEW,GK,https://resources.premierleague.com/premierleague/photos/players/110x140/p554578.png
445,Malick Thiaw,NEW,DF,https://resources.premierleague.com/premierleague/photos/players/110x140/p465642.png
446,Fabian Schär,NEW,DF,https://resources.premierleague.com/premierleague/photos/players/110x140/p119471.png
447,Sven Botman,NEW,DF,https://resources.premierleague.com/premierleague/photos/players/110x140/p220237.png
448,Dan Burn,NEW,DF,https://resources.premierleague.com/premierleague/photos/players/110x140/p78916.png
449,Lewis Hall,NEW,DF,https://resources.premierleague.com/premierleague/photos/players/110x140/p487838.png
450,Tino Livramento,NEW,DF,https://resources.premierleague.com/premierleague/photos/players/110x140/p441191.png
451,Alex Murphy,NEW,DF,https://resources.premierleague.com/premierleague/photos/players/110x140/p545477.png
453,Harvey Barnes,NEW,MF,https://resources.premierleague.com/premierleague/photos/players/110x140/p201666.png
454,Anthony Elanga,NEW,MF,https://resources.premierleague.com/premierleague/photos/players/110x140/p449434.png
456,Jacob Ramsey,NEW,MF,https://resources.premierleague.com/premierleague/photos/players/110x140/p232653.png
457,Jacob Murphy,NEW,MF,https://resources.premierleague.com/premierleague/photos/players/110x140/p114243.png
458,Joelinton Cássio Apolinário de Lira,NEW,MF,https://resources.premierleague.com/premierleague/photos/players/110x140/p180974.png
459,Lewis Miley,NEW,MF,https://resources.premierleague.com/premierleague/photos/players/110x140/p547719.png
460,Joe Willock,NEW,MF,https://resources.premierleague.com/premierleague/photos/players/110x140/p200089.png
461,Bazoumana Touré,NEW,MF,https://resources.premierleague.com/premierleague/photos/players/110x140/p611665.png
462,Sean Steur,NEW,MF,https://resources.premierleague.com/premierleague/photos/players/110x140/p636852.png
463,Nick Woltemade,NEW,FW,https://resources.premierleague.com/premierleague/photos/players/110x140/p470313.png
464,Yoane Wissa,NEW,FW,https://resources.premierleague.com/premierleague/photos/players/110x140/p216646.png
465,William Osula,NEW,FW,https://resources.premierleague.com/premierleague/photos/players/110x140/p538207.png
466,Sean Neave,NEW,FW,https://resources.premierleague.com/premierleague/photos/players/110x140/p599303.png
559,Aladji Bamba,NEW,MF,https://resources.premierleague.com/premierleague/photos/players/110x140/p632794.png
567,Lukás Hornícek,NEW,GK,https://resources.premierleague.com/premierleague/photos/players/110x140/p470551.png
593,Amar Dedic,NEW,DF,https://resources.premierleague.com/premierleague/photos/players/110x140/p463726.png
609,Leo Shahar,NEW,DF,https://resources.premierleague.com/premierleague/photos/players/110x140/p553746.png
634,Matias Fernandez-Pardo,NEW,FW,https://resources.premierleague.com/premierleague/photos/players/110x140/p613221.png
659,Mason Miley,NEW,MF,https://resources.premierleague.com/premierleague/photos/players/110x140/p665243.png
663,Miodrag Pivas,NEW,DF,https://resources.premierleague.com/premierleague/photos/players/110x140/p578512.png
664,Vakhtang Salia,NEW,FW,https://resources.premierleague.com/premierleague/photos/players/110x140/p601767.png
665,Michael Mills,NEW,MF,https://resources.premierleague.com/premierleague/photos/players/110x140/p655585.png
666,Kyran Thompson,NEW,MF,https://resources.premierleague.com/premierleague/photos/players/110x140/p671875.png
167,Liam Delap,NOT,FW,https://resources.premierleague.com/premierleague/photos/players/110x140/p463034.png
201,Daniel Muñoz Mejía,NOT,DF,https://resources.premierleague.com/premierleague/photos/players/110x140/p247348.png
467,Matz Sels,NOT,GK,https://resources.premierleague.com/premierleague/photos/players/110x140/p85633.png
468,John Victor Maciel Furtado,NOT,GK,https://resources.premierleague.com/premierleague/photos/players/110x140/p221389.png
469,Neco Williams,NOT,DF,https://resources.premierleague.com/premierleague/photos/players/110x140/p215136.png
470,Felipe Rodrigues da Silva,NOT,DF,https://resources.premierleague.com/premierleague/photos/players/110x140/p485047.png
471,Nikola Milenković,NOT,DF,https://resources.premierleague.com/premierleague/photos/players/110x140/p227444.png
472,Murillo Costa dos Santos,NOT,DF,https://resources.premierleague.com/premierleague/photos/players/110x140/p575476.png
473,Ola Aina,NOT,DF,https://resources.premierleague.com/premierleague/photos/players/110x140/p159506.png
474,Jair Paula da Cunha Filho,NOT,DF,https://resources.premierleague.com/premierleague/photos/players/110x140/p575458.png
475,Nicolò Savona,NOT,DF,https://resources.premierleague.com/premierleague/photos/players/110x140/p500151.png
476,Omar Richards,NOT,DF,https://resources.premierleague.com/premierleague/photos/players/110x140/p204822.png
477,Zach Abbott,NOT,DF,https://resources.premierleague.com/premierleague/photos/players/110x140/p549067.png
478,Luca Netz,NOT,DF,https://resources.premierleague.com/premierleague/photos/players/110x140/p470315.png
479,Tyler Bindon,NOT,DF,https://resources.premierleague.com/premierleague/photos/players/110x140/p538638.png
480,Morgan Gibbs-White,NOT,MF,https://resources.premierleague.com/premierleague/photos/players/110x140/p222531.png
482,Callum Hudson-Odoi,NOT,MF,https://resources.premierleague.com/premierleague/photos/players/110x140/p209046.png
483,Dan Ndoye,NOT,MF,https://resources.premierleague.com/premierleague/photos/players/110x140/p456512.png
484,Omari Hutchinson,NOT,MF,https://resources.premierleague.com/premierleague/photos/players/110x140/p503301.png
485,Dilane Bakwa,NOT,MF,https://resources.premierleague.com/premierleague/photos/players/110x140/p476887.png
486,James McAtee,NOT,MF,https://resources.premierleague.com/premierleague/photos/players/110x140/p432714.png
487,Nicolás Domínguez,NOT,MF,https://resources.premierleague.com/premierleague/photos/players/110x140/p250199.png
488,Ibrahim Sangaré,NOT,MF,https://resources.premierleague.com/premierleague/photos/players/110x140/p210462.png
489,Ryan Yates,NOT,MF,https://resources.premierleague.com/premierleague/photos/players/110x140/p204968.png
490,Chris Wood,NOT,FW,https://resources.premierleague.com/premierleague/photos/players/110x140/p60689.png
491,Igor Jesus Maciel da Cruz,NOT,FW,https://resources.premierleague.com/premierleague/photos/players/110x140/p482973.png
493,Arnaud Kalimuendo,NOT,FW,https://resources.premierleague.com/premierleague/photos/players/110x140/p465680.png
558,Xaver Schlager,NOT,MF,https://resources.premierleague.com/premierleague/photos/players/110x140/p204561.png
581,Ousmane Diomande,NOT,DF,https://resources.premierleague.com/premierleague/photos/players/110x140/p568420.png
590,Steven Benda,NOT,GK,https://resources.premierleague.com/premierleague/photos/players/110x140/p428971.png
112,Jan Paul van Hecke,SUN,DF,https://resources.premierleague.com/premierleague/photos/players/110x140/p469142.png
147,Tosin Adarabioyo,SUN,DF,https://resources.premierleague.com/premierleague/photos/players/110x140/p109646.png
401,Omar Marmoush,SUN,FW,https://resources.premierleague.com/premierleague/photos/players/110x140/p438234.png
403,Sávio Moreira de Oliveira,SUN,MF,https://resources.premierleague.com/premierleague/photos/players/110x140/p510281.png
455,Sandro Tonali,SUN,MF,https://resources.premierleague.com/premierleague/photos/players/110x140/p432422.png
494,Guglielmo Vicario,SUN,GK,https://resources.premierleague.com/premierleague/photos/players/110x140/p184254.png
495,Brandon Austin,SUN,GK,https://resources.premierleague.com/premierleague/photos/players/110x140/p214572.png
496,Antonín Kinský,SUN,GK,https://resources.premierleague.com/premierleague/photos/players/110x140/p485055.png
497,Martin Dubravka,SUN,GK,https://resources.premierleague.com/premierleague/photos/players/110x140/p67089.png
498,Marcos Senesi Barón,SUN,DF,https://resources.premierleague.com/premierleague/photos/players/110x140/p221466.png
499,Pedro Porro Sauceda,SUN,DF,https://resources.premierleague.com/premierleague/photos/players/110x140/p441164.png
500,Cristian Romero,SUN,DF,https://resources.premierleague.com/premierleague/photos/players/110x140/p221632.png
502,Andrew Robertson,SUN,DF,https://resources.premierleague.com/premierleague/photos/players/110x140/p122798.png
503,Micky van de Ven,SUN,DF,https://resources.premierleague.com/premierleague/photos/players/110x140/p491279.png
505,Djed Spence,SUN,DF,https://resources.premierleague.com/premierleague/photos/players/110x140/p232859.png
506,Destiny Udogie,SUN,DF,https://resources.premierleague.com/premierleague/photos/players/110x140/p487053.png
507,Ashley Phillips,SUN,DF,https://resources.premierleague.com/premierleague/photos/players/110x140/p548308.png
508,Ben Davies,SUN,DF,https://resources.premierleague.com/premierleague/photos/players/110x140/p115556.png
509,Jun'ai Byfield,SUN,DF,https://resources.premierleague.com/premierleague/photos/players/110x140/p640419.png
510,James Rowswell,SUN,DF,https://resources.premierleague.com/premierleague/photos/players/110x140/p499716.png
511,João Victor de Souza Menezes,SUN,DF,https://resources.premierleague.com/premierleague/photos/players/110x140/p616221.png
512,Mohammed Kudus,SUN,MF,https://resources.premierleague.com/premierleague/photos/players/110x140/p460842.png
513,Xavi Simons,SUN,MF,https://resources.premierleague.com/premierleague/photos/players/110x140/p493362.png
514,Mathys Tel,SUN,MF,https://resources.premierleague.com/premierleague/photos/players/110x140/p511499.png
515,James Maddison,SUN,MF,https://resources.premierleague.com/premierleague/photos/players/110x140/p172780.png
516,Rodrigo Bentancur,SUN,MF,https://resources.premierleague.com/premierleague/photos/players/110x140/p202993.png
517,Wilson Odobert,SUN,MF,https://resources.premierleague.com/premierleague/photos/players/110x140/p550839.png
518,Pape Matar Sarr,SUN,MF,https://resources.premierleague.com/premierleague/photos/players/110x140/p482442.png
519,Conor Gallagher,SUN,MF,https://resources.premierleague.com/premierleague/photos/players/110x140/p232787.png
520,Lucas Bergvall,SUN,MF,https://resources.premierleague.com/premierleague/photos/players/110x140/p570526.png
521,Dejan Kulusevski,SUN,MF,https://resources.premierleague.com/premierleague/photos/players/110x140/p445044.png
522,Archie Gray,SUN,MF,https://resources.premierleague.com/premierleague/photos/players/110x140/p547701.png
523,Mikey Moore,SUN,MF,https://resources.premierleague.com/premierleague/photos/players/110x140/p499721.png
524,Callum Olusesi,SUN,MF,https://resources.premierleague.com/premierleague/photos/players/110x140/p499726.png
525,Mateus Fernandes,SUN,MF,https://resources.premierleague.com/premierleague/photos/players/110x140/p551226.png
526,Dominic Solanke-Mitchell,SUN,FW,https://resources.premierleague.com/premierleague/photos/players/110x140/p154566.png
527,Richarlison de Andrade,SUN,FW,https://resources.premierleague.com/premierleague/photos/players/110x140/p212319.png
528,Dane Scarlett,SUN,FW,https://resources.premierleague.com/premierleague/photos/players/110x140/p490145.png
578,Mykhailo Mudryk,SUN,MF,https://resources.premierleague.com/premierleague/photos/players/110x140/p465920.png
601,Luca Williams-Barnett,SUN,MF,https://resources.premierleague.com/premierleague/photos/players/110x140/p611917.png
501,Kevin Danso,TOT,DF,https://resources.premierleague.com/premierleague/photos/players/110x140/p135720.png
529,Robin Roefs,TOT,GK,https://resources.premierleague.com/premierleague/photos/players/110x140/p498016.png
530,Anthony Patterson,TOT,GK,https://resources.premierleague.com/premierleague/photos/players/110x140/p232571.png
531,Melker Ellborg,TOT,GK,https://resources.premierleague.com/premierleague/photos/players/110x140/p515046.png
532,Daniel Ballard,TOT,DF,https://resources.premierleague.com/premierleague/photos/players/110x140/p223827.png
533,Nordi Mukiele,TOT,DF,https://resources.premierleague.com/premierleague/photos/players/110x140/p200834.png
534,Trai Hume,TOT,DF,https://resources.premierleague.com/premierleague/photos/players/110x140/p487676.png
535,Omar Alderete,TOT,DF,https://resources.premierleague.com/premierleague/photos/players/110x140/p201895.png
536,Reinildo Mandava,TOT,DF,https://resources.premierleague.com/premierleague/photos/players/110x140/p434399.png
537,Jenson Seelt,TOT,DF,https://resources.premierleague.com/premierleague/photos/players/110x140/p519634.png
538,Leo Fuhr Hjelde,TOT,DF,https://resources.premierleague.com/premierleague/photos/players/110x140/p477547.png
539,Luke O'Nien,TOT,DF,https://resources.premierleague.com/premierleague/photos/players/110x140/p167512.png
540,Arthur Masuaku,TOT,DF,https://resources.premierleague.com/premierleague/photos/players/110x140/p105717.png
541,Thomas Meunier,TOT,DF,https://resources.premierleague.com/premierleague/photos/players/110x140/p93605.png
542,Enzo Le Fée,TOT,MF,https://resources.premierleague.com/premierleague/photos/players/110x140/p484420.png
543,Habib Diarra,TOT,MF,https://resources.premierleague.com/premierleague/photos/players/110x140/p547027.png
544,Granit Xhaka,TOT,MF,https://resources.premierleague.com/premierleague/photos/players/110x140/p84450.png
545,Noah Sadiki,TOT,MF,https://resources.premierleague.com/premierleague/photos/players/110x140/p577669.png
546,Simon Adingra,TOT,MF,https://resources.premierleague.com/premierleague/photos/players/110x140/p535818.png
547,Romaine Mundle,TOT,MF,https://resources.premierleague.com/premierleague/photos/players/110x140/p461199.png
548,Chris Rigg,TOT,MF,https://resources.premierleague.com/premierleague/photos/players/110x140/p554197.png
549,Chemsdine Talbi,TOT,MF,https://resources.premierleague.com/premierleague/photos/players/110x140/p549912.png
550,Djiamgone Jocelin Ta Bi,TOT,MF,https://resources.premierleague.com/premierleague/photos/players/110x140/p699989.png
551,Nilson Angulo,TOT,MF,https://resources.premierleague.com/premierleague/photos/players/110x140/p536661.png
552,Brian Brobbey,TOT,FW,https://resources.premierleague.com/premierleague/photos/players/110x140/p441264.png
553,Wilson Isidor,TOT,FW,https://resources.premierleague.com/premierleague/photos/players/110x140/p437505.png
612,Dayann Méthalie,TOT,DF,https://resources.premierleague.com/premierleague/photos/players/110x140/p638411.png
613,Jules Ahoka,TOT,MF,https://resources.premierleague.com/premierleague/photos/players/110x140/p696104.png
646,Malick Fofana,TOT,MF,https://resources.premierleague.com/premierleague/photos/players/110x140/p549940.png
651,Juan Angulo,TOT,FW,https://resources.premierleague.com/premierleague/photos/players/110x140/p661313.png
