date,game_id,home_team_code,home_goals,away_goals,away_team_code,is_result
2026-08-21 19:00:00,31180,ARS,3,0,COV,True
2026-08-22 16:30:00,31185,BRE,3,0,TOT,True
2026-08-22 14:00:00,31182,EVE,2,0,CRY,True
2026-08-22 11:30:00,31181,HUL,2,0,MUN,True
2026-08-22 14:00:00,31183,IPS,2,1,SUN,True
2026-08-22 14:00:00,31184,NOT,0,1,LED,True
2026-08-23 13:00:00,31186,BRI,4,0,AVL,True
2026-08-23 13:00:00,31187,MCI,2,1,BOU,True
2026-08-23 15:30:00,31188,NEW,2,2,LIV,True
2026-08-24 19:00:00,31189,FLH,2,3,CHE,True
2026-08-28 19:00:00,31190,CRY,1,4,MCI,True
2026-08-29 14:00:00,31193,BOU,1,1,EVE,True
2026-08-29 14:00:00,31192,COV,0,1,HUL,True
2026-08-29 11:30:00,31191,LIV,2,2,NOT,True
2026-08-29 16:30:00,31194,TOT,0,2,NEW,True
2026-08-30 13:00:00,31196,CHE,4,3,BRI,True
2026-08-30 13:00:00,31197,LED,1,1,BRE,True
2026-08-30 15:30:00,31198,MUN,5,2,IPS,True
2026-08-30 13:00:00,31195,SUN,1,0,FLH,True
2026-08-31 19:00:00,31199,AVL,0,1,ARS,True
2026-09-04 19:00:00,31200,IPS,0,2,LIV,True
2026-09-05 14:00:00,31205,BRE,1,1,SUN,True
2026-09-05 14:00:00,31206,BRI,1,1,LED,True
2026-09-05 14:00:00,31204,FLH,2,3,CRY,True
2026-09-05 16:30:00,31207,HUL,0,0,AVL,True
2026-09-05 14:00:00,31202,MCI,1,0,COV,True
2026-09-05 11:30:00,31201,NEW,2,2,BOU,True
2026-09-05 14:00:00,31203,NOT,0,0,TOT,True
2026-09-06 15:30:00,31209,ARS,2,1,CHE,True
2026-09-06 13:00:00,31208,EVE,2,2,MUN,True
2026-09-12 14:00:00,31211,AVL,1,2,NOT,True
2026-09-12 14:00:00,31210,BOU,2,2,BRE,True
2026-09-12 14:00:00,31212,CHE,2,2,HUL,True
2026-09-12 14:00:00,31213,CRY,2,3,IPS,True
2026-09-12 14:00:00,31214,LIV,0,0,FLH,True
2026-09-12 19:00:00,31216,SUN,0,2,ARS,True
2026-09-12 16:30:00,31215,TOT,0,0,EVE,True
2026-09-13 13:00:00,31217,COV,0,5,BRI,True
2026-09-13 15:30:00,31218,MUN,0,1,MCI,True
2026-09-14 19:00:00,31219,LED,4,1,NEW,True
2026-09-18 19:00:00,31220,BRE,3,0,CHE,True
2026-09-19 14:00:00,31224,BRI,3,0,ARS,True
2026-09-19 14:00:00,31226,EVE,1,0,IPS,True
2026-09-19 14:00:00,31223,NEW,2,1,HUL,True
2026-09-19 16:30:00,31227,NOT,0,1,COV,True
2026-09-19 11:30:00,31221,TOT,2,3,AVL,True
2026-09-20 13:00:00,31228,BOU,0,1,LIV,True
2026-09-20 15:30:00,31229,FLH,1,1,MUN,True
2026-09-20 13:00:00,31225,LED,0,0,CRY,True
2026-09-20 13:00:00,31222,MCI,5,3,SUN,True
2026-10-10 11:30:00,31230,ARS,,,LED,False
2026-10-10 14:00:00,31231,AVL,,,BRE,False
2026-10-10 14:00:00,31232,CHE,,,BOU,False
2026-10-10 14:00:00,31233,IPS,,,FLH,False
2026-10-10 16:30:00,31235,MUN,,,TOT,False
2026-10-10 14:00:00,31234,SUN,,,BRI,False
2026-10-11 13:00:00,31236,CRY,,,NOT,False
2026-10-11 13:00:00,31237,HUL,,,EVE,False
2026-10-11 15:30:00,31238,LIV,,,MCI,False
2026-10-12 19:00:00,31239,COV,,,NEW,False
2026-10-17 14:00:00,31242,BRE,,,LIV,False
2026-10-17 11:30:00,31240,EVE,,,CHE,False
2026-10-17 14:00:00,31241,FLH,,,HUL,False
2026-10-17 14:00:00,31243,MCI,,,IPS,False
2026-10-17 16:30:00,31244,NEW,,,AVL,False
2026-10-18 13:00:00,31246,BOU,,,SUN,False
2026-10-18 13:00:00,31245,BRI,,,CRY,False
2026-10-18 13:00:00,31247,LED,,,MUN,False
2026-10-18 15:30:00,31248,NOT,,,ARS,False
2026-10-19 19:00:00,31249,TOT,,,COV,False
2026-10-23 19:00:00,31250,IPS,,,NOT,False
2026-10-24 14:00:00,31254,ARS,,,EVE,False
2026-10-24 11:30:00,31251,AVL,,,MCI,False
2026-10-24 16:30:00,31255,CHE,,,TOT,False
2026-10-24 14:00:00,31253,COV,,,FLH,False
2026-10-24 14:00:00,31252,LIV,,,BRI,False
2026-10-25 14:00:00,31257,CRY,,,NEW,False
2026-10-25 14:00:00,31258,HUL,,,BRE,False
2026-10-25 14:00:00,31256,MUN,,,BOU,False
2026-10-25 16:30:00,31259,SUN,,,LED,False
2026-10-31 15:00:00,31264,BOU,,,LED,False
2026-10-31 15:00:00,31265,BRE,,,NOT,False
2026-10-31 12:30:00,31260,CHE,,,MUN,False
2026-10-31 15:00:00,31261,COV,,,SUN,False
2026-10-31 15:00:00,31262,HUL,,,IPS,False
2026-10-31 15:00:00,31263,MCI,,,BRI,False
2026-10-31 17:30:00,31266,TOT,,,CRY,False
2026-11-01 14:00:00,31267,AVL,,,FLH,False
2026-11-01 16:30:00,31268,LIV,,,ARS,False
2026-11-02 20:00:00,31269,NEW,,,EVE,False
2026-11-07 15:00:00,31270,ARS,,,HUL,False
2026-11-07 15:00:00,31271,BRI,,,BRE,False
2026-11-07 15:00:00,31272,CRY,,,LIV,False
2026-11-07 15:00:00,31273,EVE,,,COV,False
2026-11-07 15:00:00,31274,FLH,,,NEW,False
2026-11-07 15:00:00,31275,IPS,,,BOU,False
2026-11-07 15:00:00,31276,LED,,,TOT,False
2026-11-07 15:00:00,31277,MUN,,,AVL,False
2026-11-07 15:00:00,31278,NOT,,,MCI,False
2026-11-07 15:00:00,31279,SUN,,,CHE,False
2026-11-21 15:00:00,31281,AVL,,,SUN,False
2026-11-21 15:00:00,31280,BOU,,,NOT,False
2026-11-21 15:00:00,31282,BRE,,,EVE,False
2026-11-21 15:00:00,31283,CHE,,,LED,False
2026-11-21 15:00:00,31284,COV,,,CRY,False
2026-11-21 15:00:00,31285,HUL,,,BRI,False
2026-11-21 15:00:00,31286,LIV,,,MUN,False
2026-11-21 15:00:00,31287,MCI,,,FLH,False
2026-11-21 15:00:00,31288,NEW,,,ARS,False
2026-11-21 15:00:00,31289,TOT,,,IPS,False
2026-11-28 15:00:00,31290,ARS,,,MCI,False
2026-11-28 15:00:00,31291,BRI,,,NEW,False
2026-11-28 15:00:00,31292,CRY,,,HUL,False
2026-11-28 15:00:00,31293,EVE,,,LIV,False
2026-11-28 15:00:00,31294,FLH,,,BOU,False
2026-11-28 15:00:00,31295,IPS,,,AVL,False
2026-11-28 15:00:00,31296,LED,,,COV,False
2026-11-28 15:00:00,31297,MUN,,,BRE,False
2026-11-28 15:00:00,31298,NOT,,,CHE,False
2026-11-28 15:00:00,31299,SUN,,,TOT,False
2026-12-02 20:00:00,31301,AVL,,,EVE,False
2026-12-02 20:00:00,31300,BOU,,,BRI,False
2026-12-02 20:00:00,31302,BRE,,,ARS,False
2026-12-02 20:00:00,31303,CHE,,,CRY,False
2026-12-02 20:00:00,31304,COV,,,IPS,False
2026-12-02 20:00:00,31305,HUL,,,NOT,False
2026-12-02 20:00:00,31306,LIV,,,SUN,False
2026-12-02 20:00:00,31307,MCI,,,LED,False
2026-12-02 20:00:00,31308,NEW,,,MUN,False
2026-12-02 20:00:00,31309,TOT,,,FLH,False
2026-12-05 15:00:00,31311,AVL,,,CRY,False
2026-12-05 15:00:00,31310,BOU,,,HUL,False
2026-12-05 15:00:00,31314,BRE,,,MCI,False
2026-12-05 15:00:00,31315,CHE,,,LIV,False
2026-12-05 15:00:00,31316,EVE,,,FLH,False
2026-12-05 15:00:00,31318,LED,,,IPS,False
2026-12-05 15:00:00,31317,MUN,,,COV,False
2026-12-05 15:00:00,31319,NEW,,,SUN,False
2026-12-05 15:00:00,31312,NOT,,,BRI,False
2026-12-05 15:00:00,31313,TOT,,,ARS,False
2026-12-12 15:00:00,31320,ARS,,,BOU,False
2026-12-12 15:00:00,31321,BRI,,,EVE,False
2026-12-12 15:00:00,31322,COV,,,AVL,False
2026-12-12 15:00:00,31323,CRY,,,MUN,False
2026-12-12 15:00:00,31325,FLH,,,BRE,False
2026-12-12 15:00:00,31326,HUL,,,TOT,False
2026-12-12 15:00:00,31327,IPS,,,NEW,False
2026-12-12 15:00:00,31328,LIV,,,LED,False
2026-12-12 15:00:00,31329,MCI,,,CHE,False
2026-12-12 15:00:00,31324,SUN,,,NOT,False
2026-12-19 15:00:00,31331,ARS,,,MUN,False
2026-12-19 15:00:00,31330,BOU,,,COV,False
2026-12-19 15:00:00,31332,BRE,,,NEW,False
2026-12-19 15:00:00,31333,BRI,,,IPS,False
2026-12-19 15:00:00,31334,CHE,,,AVL,False
2026-12-19 15:00:00,31335,LED,,,FLH,False
2026-12-19 15:00:00,31336,LIV,,,TOT,False
2026-12-19 15:00:00,31337,MCI,,,HUL,False
2026-12-19 15:00:00,31338,NOT,,,EVE,False
2026-12-19 15:00:00,31339,SUN,,,CRY,False
2026-12-26 15:00:00,31340,AVL,,,LED,False
2026-12-26 15:00:00,31341,COV,,,CHE,False
2026-12-26 15:00:00,31342,CRY,,,ARS,False
2026-12-26 15:00:00,31343,EVE,,,SUN,False
2026-12-26 15:00:00,31344,FLH,,,BRI,False
2026-12-26 15:00:00,31349,HUL,,,LIV,False
2026-12-26 15:00:00,31345,IPS,,,BRE,False
2026-12-26 15:00:00,31346,MUN,,,NOT,False
2026-12-26 15:00:00,31347,NEW,,,MCI,False
2026-12-26 15:00:00,31348,TOT,,,BOU,False
2026-12-30 20:00:00,31350,AVL,,,LIV,False
2026-12-30 20:00:00,31351,COV,,,BRE,False
2026-12-30 20:00:00,31352,CRY,,,BOU,False
2026-12-30 20:00:00,31359,EVE,,,MCI,False
2026-12-30 20:00:00,31353,FLH,,,ARS,False
2026-12-30 20:00:00,31358,HUL,,,LED,False
2026-12-30 20:00:00,31357,IPS,,,CHE,False
2026-12-30 20:00:00,31356,MUN,,,SUN,False
2026-12-30 20:00:00,31355,NEW,,,NOT,False
2026-12-30 20:00:00,31354,TOT,,,BRI,False
2027-01-02 15:00:00,31361,ARS,,,IPS,False
2027-01-02 15:00:00,31360,BOU,,,AVL,False
2027-01-02 15:00:00,31362,BRE,,,CRY,False
2027-01-02 15:00:00,31363,BRI,,,MUN,False
2027-01-02 15:00:00,31364,CHE,,,NEW,False
2027-01-02 15:00:00,31365,LED,,,EVE,False
2027-01-02 15:00:00,31366,LIV,,,COV,False
2027-01-02 15:00:00,31367,MCI,,,TOT,False
2027-01-02 15:00:00,31369,NOT,,,FLH,False
2027-01-02 15:00:00,31368,SUN,,,HUL,False
2027-01-06 20:00:00,31370,ARS,,,BRE,False
2027-01-06 20:00:00,31371,BRI,,,BOU,False
2027-01-06 20:00:00,31372,CRY,,,CHE,False
2027-01-06 20:00:00,31373,EVE,,,AVL,False
2027-01-06 20:00:00,31374,FLH,,,TOT,False
2027-01-06 20:00:00,31375,IPS,,,COV,False
2027-01-06 20:00:00,31376,LED,,,MCI,False
2027-01-06 20:00:00,31377,MUN,,,NEW,False
2027-01-06 20:00:00,31378,NOT,,,HUL,False
2027-01-06 20:00:00,31379,SUN,,,LIV,False
2027-01-16 15:00:00,31381,AVL,,,MUN,False
2027-01-16 15:00:00,31380,BOU,,,IPS,False
2027-01-16 15:00:00,31382,BRE,,,BRI,False
2027-01-16 15:00:00,31383,CHE,,,SUN,False
2027-01-16 15:00:00,31384,COV,,,EVE,False
2027-01-16 15:00:00,31385,HUL,,,ARS,False
2027-01-16 15:00:00,31386,LIV,,,CRY,False
2027-01-16 15:00:00,31387,MCI,,,NOT,False
2027-01-16 15:00:00,31388,NEW,,,FLH,False
2027-01-16 15:00:00,31389,TOT,,,LED,False
2027-01-23 15:00:00,31390,ARS,,,NEW,False
2027-01-23 15:00:00,31391,BRI,,,MCI,False
2027-01-23 15:00:00,31392,CRY,,,TOT,False
2027-01-23 15:00:00,31393,EVE,,,BRE,False
2027-01-23 15:00:00,31394,FLH,,,AVL,False
2027-01-23 15:00:00,31395,IPS,,,HUL,False
2027-01-23 15:00:00,31396,LED,,,CHE,False
2027-01-23 15:00:00,31397,MUN,,,LIV,False
2027-01-23 15:00:00,31398,NOT,,,BOU,False
2027-01-23 15:00:00,31399,SUN,,,COV,False
2027-01-30 15:00:00,31408,AVL,,,IPS,False
2027-01-30 15:00:00,31400,BOU,,,FLH,False
2027-01-30 15:00:00,31407,BRE,,,MUN,False
2027-01-30 15:00:00,31406,CHE,,,NOT,False
2027-01-30 15:00:00,31405,COV,,,LED,False
2027-01-30 15:00:00,31404,HUL,,,CRY,False
2027-01-30 15:00:00,31403,LIV,,,EVE,False
2027-01-30 15:00:00,31402,MCI,,,ARS,False
2027-01-30 15:00:00,31401,NEW,,,BRI,False
2027-01-30 15:00:00,31409,TOT,,,SUN,False
2027-02-06 15:00:00,31415,ARS,,,LIV,False
2027-02-06 15:00:00,31416,BRI,,,HUL,False
2027-02-06 15:00:00,31417,CRY,,,COV,False
2027-02-06 15:00:00,31418,EVE,,,NEW,False
2027-02-06 15:00:00,31419,FLH,,,MCI,False
2027-02-06 15:00:00,31410,IPS,,,TOT,False
2027-02-06 15:00:00,31411,LED,,,BOU,False
2027-02-06 15:00:00,31412,MUN,,,CHE,False
2027-02-06 15:00:00,31413,NOT,,,BRE,False
2027-02-06 15:00:00,31414,SUN,,,AVL,False
2027-02-10 20:00:00,31420,AVL,,,BOU,False
2027-02-10 20:00:00,31421,COV,,,LIV,False
2027-02-10 20:00:00,31422,CRY,,,BRE,False
2027-02-10 20:00:00,31423,EVE,,,LED,False
2027-02-10 20:00:00,31424,FLH,,,NOT,False
2027-02-10 20:00:00,31425,HUL,,,SUN,False
2027-02-10 20:00:00,31426,IPS,,,ARS,False
2027-02-10 20:00:00,31427,MUN,,,BRI,False
2027-02-10 20:00:00,31428,NEW,,,CHE,False
2027-02-10 20:00:00,31429,TOT,,,MCI,False
2027-02-20 15:00:00,31431,ARS,,,FLH,False
2027-02-20 15:00:00,31430,BOU,,,CRY,False
2027-02-20 15:00:00,31432,BRE,,,COV,False
2027-02-20 15:00:00,31433,BRI,,,TOT,False
2027-02-20 15:00:00,31434,CHE,,,IPS,False
2027-02-20 15:00:00,31435,LED,,,AVL,False
2027-02-20 15:00:00,31436,LIV,,,HUL,False
2027-02-20 15:00:00,31437,MCI,,,NEW,False
2027-02-20 15:00:00,31438,NOT,,,MUN,False
2027-02-20 15:00:00,31439,SUN,,,EVE,False
2027-02-27 15:00:00,31440,AVL,,,CHE,False
2027-02-27 15:00:00,31441,COV,,,BOU,False
2027-02-27 15:00:00,31442,CRY,,,SUN,False
2027-02-27 15:00:00,31443,EVE,,,NOT,False
2027-02-27 15:00:00,31444,FLH,,,LED,False
2027-02-27 15:00:00,31445,HUL,,,MCI,False
2027-02-27 15:00:00,31446,IPS,,,BRI,False
2027-02-27 15:00:00,31447,MUN,,,ARS,False
2027-02-27 15:00:00,31448,NEW,,,BRE,False
2027-02-27 15:00:00,31449,TOT,,,LIV,False
2027-03-03 20:00:00,31451,ARS,,,CRY,False
2027-03-03 20:00:00,31450,BOU,,,TOT,False
2027-03-03 20:00:00,31452,BRE,,,IPS,False
2027-03-03 20:00:00,31453,BRI,,,FLH,False
2027-03-03 20:00:00,31454,CHE,,,COV,False
2027-03-03 20:00:00,31455,LED,,,HUL,False
2027-03-03 20:00:00,31456,LIV,,,AVL,False
2027-03-03 20:00:00,31457,MCI,,,EVE,False
2027-03-03 20:00:00,31458,NOT,,,NEW,False
2027-03-03 20:00:00,31459,SUN,,,MUN,False
2027-03-13 15:00:00,31461,AVL,,,HUL,False
2027-03-13 15:00:00,31460,BOU,,,NEW,False
2027-03-13 15:00:00,31462,CHE,,,ARS,False
2027-03-13 15:00:00,31463,COV,,,MCI,False
2027-03-13 15:00:00,31464,CRY,,,FLH,False
2027-03-13 15:00:00,31465,LED,,,BRI,False
2027-03-13 15:00:00,31466,LIV,,,IPS,False
2027-03-13 15:00:00,31467,MUN,,,EVE,False
2027-03-13 15:00:00,31468,SUN,,,BRE,False
2027-03-13 15:00:00,31469,TOT,,,NOT,False
2027-03-20 15:00:00,31470,ARS,,,SUN,False
2027-03-20 15:00:00,31471,BRE,,,BOU,False
2027-03-20 15:00:00,31472,BRI,,,COV,False
2027-03-20 15:00:00,31473,EVE,,,TOT,False
2027-03-20 15:00:00,31474,FLH,,,LIV,False
2027-03-20 15:00:00,31475,HUL,,,CHE,False
2027-03-20 15:00:00,31476,IPS,,,CRY,False
2027-03-20 15:00:00,31477,MCI,,,MUN,False
2027-03-20 15:00:00,31478,NEW,,,LED,False
2027-03-20 15:00:00,31479,NOT,,,AVL,False
2027-04-10 14:00:00,31481,AVL,,,BRI,False
2027-04-10 14:00:00,31480,BOU,,,MCI,False
2027-04-10 14:00:00,31482,CHE,,,FLH,False
2027-04-10 14:00:00,31483,COV,,,ARS,False
2027-04-10 14:00:00,31484,CRY,,,EVE,False
2027-04-10 14:00:00,31485,LED,,,NOT,False
2027-04-10 14:00:00,31486,LIV,,,NEW,False
2027-04-10 14:00:00,31487,MUN,,,HUL,False
2027-04-10 14:00:00,31488,SUN,,,IPS,False
2027-04-10 14:00:00,31489,TOT,,,BRE,False
2027-04-17 14:00:00,31490,ARS,,,AVL,False
2027-04-17 14:00:00,31491,BRE,,,LED,False
2027-04-17 14:00:00,31492,BRI,,,CHE,False
2027-04-17 14:00:00,31493,EVE,,,BOU,False
2027-04-17 14:00:00,31494,FLH,,,SUN,False
2027-04-17 14:00:00,31495,HUL,,,COV,False
2027-04-17 14:00:00,31496,IPS,,,MUN,False
2027-04-17 14:00:00,31497,MCI,,,CRY,False
2027-04-17 14:00:00,31498,NEW,,,TOT,False
2027-04-17 14:00:00,31499,NOT,,,LIV,False
2027-04-24 14:00:00,31501,AVL,,,COV,False
2027-04-24 14:00:00,31500,BOU,,,ARS,False
2027-04-24 14:00:00,31502,BRE,,,FLH,False
2027-04-24 14:00:00,31503,CHE,,,MCI,False
2027-04-24 14:00:00,31504,EVE,,,BRI,False
2027-04-24 14:00:00,31505,LED,,,LIV,False
2027-04-24 14:00:00,31506,MUN,,,CRY,False
2027-04-24 14:00:00,31507,NEW,,,IPS,False
2027-04-24 14:00:00,31508,NOT,,,SUN,False
2027-04-24 14:00:00,31509,TOT,,,HUL,False
2027-05-01 14:00:00,31510,ARS,,,TOT,False
2027-05-01 14:00:00,31511,BRI,,,NOT,False
2027-05-01 14:00:00,31512,COV,,,MUN,False
2027-05-01 14:00:00,31513,CRY,,,AVL,False
2027-05-01 14:00:00,31514,FLH,,,EVE,False
2027-05-01 14:00:00,31515,HUL,,,BOU,False
2027-05-01 14:00:00,31516,IPS,,,LED,False
2027-05-01 14:00:00,31517,LIV,,,CHE,False
2027-05-01 14:00:00,31518,MCI,,,BRE,False
2027-05-01 14:00:00,31519,SUN,,,NEW,False
2027-05-08 14:00:00,31520,BOU,,,MUN,False
2027-05-08 14:00:00,31521,BRE,,,AVL,False
2027-05-08 14:00:00,31522,BRI,,,SUN,False
2027-05-08 14:00:00,31523,EVE,,,HUL,False
2027-05-08 14:00:00,31524,FLH,,,IPS,False
2027-05-08 14:00:00,31525,LED,,,ARS,False
2027-05-08 14:00:00,31529,MCI,,,LIV,False
2027-05-08 14:00:00,31526,NEW,,,COV,False
2027-05-08 14:00:00,31527,NOT,,,CRY,False
2027-05-08 14:00:00,31528,TOT,,,CHE,False
2027-05-15 14:00:00,31530,ARS,,,NOT,False
2027-05-15 14:00:00,31531,AVL,,,NEW,False
2027-05-15 14:00:00,31532,CHE,,,EVE,False
2027-05-15 14:00:00,31533,COV,,,TOT,False
2027-05-15 14:00:00,31534,CRY,,,BRI,False
2027-05-15 14:00:00,31535,HUL,,,FLH,False
2027-05-15 14:00:00,31536,IPS,,,MCI,False
2027-05-15 14:00:00,31537,LIV,,,BRE,False
2027-05-15 14:00:00,31538,MUN,,,LED,False
2027-05-15 14:00:00,31539,SUN,,,BOU,False
2027-05-23 14:00:00,31540,BOU,,,CHE,False
2027-05-23 14:00:00,31541,BRE,,,HUL,False
2027-05-23 14:00:00,31542,BRI,,,LIV,False
2027-05-23 14:00:00,31543,EVE,,,ARS,False
2027-05-23 14:00:00,31544,FLH,,,COV,False
2027-05-23 14:00:00,31545,LED,,,SUN,False
2027-05-23 14:00:00,31546,MCI,,,AVL,False
2027-05-23 14:00:00,31547,NEW,,,CRY,False
2027-05-23 14:00:00,31548,NOT,,,IPS,False
2027-05-23 14:00:00,31549,TOT,,,MUN,False
2027-05-30 15:00:00,31554,ARS,,,BRI,False
2027-05-30 15:00:00,31553,AVL,,,TOT,False
2027-05-30 15:00:00,31550,CHE,,,BRE,False
2027-05-30 15:00:00,31551,COV,,,NOT,False
2027-05-30 15:00:00,31552,CRY,,,LED,False
2027-05-30 15:00:00,31555,HUL,,,NEW,False
2027-05-30 15:00:00,31556,IPS,,,EVE,False
2027-05-30 15:00:00,31557,LIV,,,BOU,False
2027-05-30 15:00:00,31558,MUN,,,FLH,False
2027-05-30 15:00:00,31559,SUN,,,MCI,False
