Team_id,Team,Short_name,Founded,Home_stadium,Logo_url
1,Arsenal FC,ARS,1886,Emirates Stadium,https://crests.football-data.org/57.png
2,Aston Villa FC,AVL,1872,Villa Park,https://crests.football-data.org/58.png
6,Chelsea FC,CHE,1905,Stamford Bridge,https://crests.football-data.org/61.png
9,Everton FC,EVE,1878,Goodison Park,https://crests.football-data.org/62.png
10,Fulham FC,FUL,1879,Craven Cottage,https://crests.football-data.org/63.png
14,Liverpool FC,LIV,1892,Anfield,https://crests.football-data.org/64.png
15,Manchester City FC,MCI,1880,Etihad Stadium,https://crests.football-data.org/65.png
16,Manchester United FC,MUN,1878,Old Trafford,https://crests.football-data.org/66.png
17,Newcastle United FC,NEW,1881,St. James' Park,https://crests.football-data.org/67.png
19,Sunderland AFC,SUN,1879,Stadium of Light,https://crests.football-data.org/71.png
20,Tottenham Hotspur FC,TOT,1882,Tottenham Hotspur Stadium,https://crests.football-data.org/73.png
11,Hull City AFC,HUL,1904,Kingston Communications Stadium,https://crests.football-data.org/322.png
13,Leeds United FC,LEE,1904,Elland Road,https://crests.football-data.org/341.png
12,Ipswich Town FC,IPS,1887,Portman Road Stadium,https://crests.football-data.org/349.png
18,Nottingham Forest FC,NOT,1865,The City Ground,https://crests.football-data.org/351.png
8,Crystal Palace FC,CRY,1905,Selhurst Park,https://crests.football-data.org/354.png
3,Brighton & Hove Albion FC,BHA,1898,The American Express Community Stadium,https://crests.football-data.org/397.png
5,Brentford FC,BRE,1889,Griffin Park,https://crests.football-data.org/402.png
4,AFC Bournemouth,BOU,1890,Vitality Stadium,https://crests.football-data.org/bournemouth.png
7,Coventry City FC,COV,1883,Coventry Building Society Arena,https://crests.football-data.org/1076.png
